Accession,Release_Date,Species,Length,Geo_Location,USA,Host,Isolation_Source,Collection_Date
QOQ53335,2020-10-24T00:00:00Z,Severe acute respiratory syndrome-related coronavirus,1273,Iran,,Homo sapiens,oronasopharynx,2020-04
QOQ53336,2020-10-24T00:00:00Z,Severe acute respiratory syndrome-related coronavirus,1273,Iran,,Homo sapiens,oronasopharynx,2020-03
QOQ53337,2020-10-24T00:00:00Z,Severe acute respiratory syndrome-related coronavirus,1273,Iran,,Homo sapiens,oronasopharynx,2020-04
QOQ53338,2020-10-24T00:00:00Z,Severe acute respiratory syndrome-related coronavirus,1273,Iran,,Homo sapiens,oronasopharynx,2020-04
QOQ53339,2020-10-24T00:00:00Z,Severe acute respiratory syndrome-related coronavirus,1273,Iran,,Homo sapiens,oronasopharynx,2020-05
QOQ53340,2020-10-24T00:00:00Z,Severe acute respiratory syndrome-related coronavirus,1273,Iran,,Homo sapiens,oronasopharynx,2020-04
QOQ53341,2020-10-24T00:00:00Z,Severe acute respiratory syndrome-related coronavirus,1273,Iran,,Homo sapiens,oronasopharynx,2020-05
QOQ34761,2020-10-23T00:00:00Z,Severe acute respiratory syndrome-related coronavirus,38,Russia,,Homo sapiens,oronasopharynx,2020-06-04
QOQ34762,2020-10-23T00:00:00Z,Severe acute respiratory syndrome-related coronavirus,1264,Russia,,Homo sapiens,oronasopharynx,2020-06-04
QOQ34763,2020-10-23T00:00:00Z,Severe acute respiratory syndrome-related coronavirus,39,Russia,,Homo sapiens,oronasopharynx,2020-06-04
QOQ37293,2020-10-23T00:00:00Z,Severe acute respiratory syndrome-related coronavirus,7096,USA,,Homo sapiens,oronasopharynx,2020-01-19
QOQ37294,2020-10-23T00:00:00Z,Severe acute respiratory syndrome-related coronavirus,4405,USA,,Homo sapiens,oronasopharynx,2020-01-19
QOQ37295,2020-10-23T00:00:00Z,Severe acute respiratory syndrome-related coronavirus,1273,USA,,Homo sapiens,oronasopharynx,2020-01-19
QOQ37296,2020-10-23T00:00:00Z,Severe acute respiratory syndrome-related coronavirus,275,USA,,Homo sapiens,oronasopharynx,2020-01-19
QOQ37297,2020-10-23T00:00:00Z,Severe acute respiratory syndrome-related coronavirus,75,USA,,Homo sapiens,oronasopharynx,2020-01-19
QOQ37298,2020-10-23T00:00:00Z,Severe acute respiratory syndrome-related coronavirus,222,USA,,Homo sapiens,oronasopharynx,2020-01-19
QOQ37299,2020-10-23T00:00:00Z,Severe acute respiratory syndrome-related coronavirus,61,USA,,Homo sapiens,oronasopharynx,2020-01-19
QOQ37300,2020-10-23T00:00:00Z,Severe acute respiratory syndrome-related coronavirus,121,USA,,Homo sapiens,oronasopharynx,2020-01-19
QOQ37301,2020-10-23T00:00:00Z,Severe acute respiratory syndrome-related coronavirus,43,USA,,Homo sapiens,oronasopharynx,2020-01-19
QOQ37302,2020-10-23T00:00:00Z,Severe acute respiratory syndrome-related coronavirus,121,USA,,Homo sapiens,oronasopharynx,2020-01-19
QOQ37303,2020-10-23T00:00:00Z,Severe acute respiratory syndrome-related coronavirus,419,USA,,Homo sapiens,oronasopharynx,2020-01-19
QOQ37304,2020-10-23T00:00:00Z,Severe acute respiratory syndrome-related coronavirus,38,USA,,Homo sapiens,oronasopharynx,2020-01-19
QOP61457,2020-10-22T00:00:00Z,Severe acute respiratory syndrome-related coronavirus,7096,USA: TX,TX,Homo sapiens,oronasopharynx,2020-05-14
QOP61458,2020-10-22T00:00:00Z,Severe acute respiratory syndrome-related coronavirus,4405,USA: TX,TX,Homo sapiens,oronasopharynx,2020-05-14
QOP61459,2020-10-22T00:00:00Z,Severe acute respiratory syndrome-related coronavirus,1263,USA: TX,TX,Homo sapiens,oronasopharynx,2020-05-14
QOP61460,2020-10-22T00:00:00Z,Severe acute respiratory syndrome-related coronavirus,275,USA: TX,TX,Homo sapiens,oronasopharynx,2020-05-14
QOP61461,2020-10-22T00:00:00Z,Severe acute respiratory syndrome-related coronavirus,75,USA: TX,TX,Homo sapiens,oronasopharynx,2020-05-14
QOP61462,2020-10-22T00:00:00Z,Severe acute respiratory syndrome-related coronavirus,222,USA: TX,TX,Homo sapiens,oronasopharynx,2020-05-14
QOP61463,2020-10-22T00:00:00Z,Severe acute respiratory syndrome-related coronavirus,61,USA: TX,TX,Homo sapiens,oronasopharynx,2020-05-14
QOP61464,2020-10-22T00:00:00Z,Severe acute respiratory syndrome-related coronavirus,44,USA: TX,TX,Homo sapiens,oronasopharynx,2020-05-14
QOP61465,2020-10-22T00:00:00Z,Severe acute respiratory syndrome-related coronavirus,30,USA: TX,TX,Homo sapiens,oronasopharynx,2020-05-14
QOP61466,2020-10-22T00:00:00Z,Severe acute respiratory syndrome-related coronavirus,121,USA: TX,TX,Homo sapiens,oronasopharynx,2020-05-14
QOP61467,2020-10-22T00:00:00Z,Severe acute respiratory syndrome-related coronavirus,419,USA: TX,TX,Homo sapiens,oronasopharynx,2020-05-14
QOP61468,2020-10-22T00:00:00Z,Severe acute respiratory syndrome-related coronavirus,38,USA: TX,TX,Homo sapiens,oronasopharynx,2020-05-14
QOP61469,2020-10-22T00:00:00Z,Severe acute respiratory syndrome-related coronavirus,7096,USA: TX,TX,Homo sapiens,oronasopharynx,2020-05-14
QOP61470,2020-10-22T00:00:00Z,Severe acute respiratory syndrome-related coronavirus,4405,USA: TX,TX,Homo sapiens,oronasopharynx,2020-05-14
QOP61471,2020-10-22T00:00:00Z,Severe acute respiratory syndrome-related coronavirus,1273,USA: TX,TX,Homo sapiens,oronasopharynx,2020-05-14
QOP61472,2020-10-22T00:00:00Z,Severe acute respiratory syndrome-related coronavirus,275,USA: TX,TX,Homo sapiens,oronasopharynx,2020-05-14
QOP61473,2020-10-22T00:00:00Z,Severe acute respiratory syndrome-related coronavirus,75,USA: TX,TX,Homo sapiens,oronasopharynx,2020-05-14
QOP61474,2020-10-22T00:00:00Z,Severe acute respiratory syndrome-related coronavirus,222,USA: TX,TX,Homo sapiens,oronasopharynx,2020-05-14
QOP61475,2020-10-22T00:00:00Z,Severe acute respiratory syndrome-related coronavirus,61,USA: TX,TX,Homo sapiens,oronasopharynx,2020-05-14
QOP61476,2020-10-22T00:00:00Z,Severe acute respiratory syndrome-related coronavirus,44,USA: TX,TX,Homo sapiens,oronasopharynx,2020-05-14
QOP61477,2020-10-22T00:00:00Z,Severe acute respiratory syndrome-related coronavirus,26,USA: TX,TX,Homo sapiens,oronasopharynx,2020-05-14
QOP61478,2020-10-22T00:00:00Z,Severe acute respiratory syndrome-related coronavirus,121,USA: TX,TX,Homo sapiens,oronasopharynx,2020-05-14
QOP61479,2020-10-22T00:00:00Z,Severe acute respiratory syndrome-related coronavirus,419,USA: TX,TX,Homo sapiens,oronasopharynx,2020-05-14
QOP61480,2020-10-22T00:00:00Z,Severe acute respiratory syndrome-related coronavirus,38,USA: TX,TX,Homo sapiens,oronasopharynx,2020-05-14
QOP61481,2020-10-22T00:00:00Z,Severe acute respiratory syndrome-related coronavirus,7096,USA: TX,TX,Homo sapiens,oronasopharynx,2020-05-13
QOP61482,2020-10-22T00:00:00Z,Severe acute respiratory syndrome-related coronavirus,4405,USA: TX,TX,Homo sapiens,oronasopharynx,2020-05-13
QOP61483,2020-10-22T00:00:00Z,Severe acute respiratory syndrome-related coronavirus,1273,USA: TX,TX,Homo sapiens,oronasopharynx,2020-05-13
QOP61484,2020-10-22T00:00:00Z,Severe acute respiratory syndrome-related coronavirus,275,USA: TX,TX,Homo sapiens,oronasopharynx,2020-05-13
QOP61485,2020-10-22T00:00:00Z,Severe acute respiratory syndrome-related coronavirus,75,USA: TX,TX,Homo sapiens,oronasopharynx,2020-05-13
QOP61486,2020-10-22T00:00:00Z,Severe acute respiratory syndrome-related coronavirus,222,USA: TX,TX,Homo sapiens,oronasopharynx,2020-05-13
QOP61487,2020-10-22T00:00:00Z,Severe acute respiratory syndrome-related coronavirus,61,USA: TX,TX,Homo sapiens,oronasopharynx,2020-05-13
QOP61488,2020-10-22T00:00:00Z,Severe acute respiratory syndrome-related coronavirus,44,USA: TX,TX,Homo sapiens,oronasopharynx,2020-05-13
QOP61489,2020-10-22T00:00:00Z,Severe acute respiratory syndrome-related coronavirus,31,USA: TX,TX,Homo sapiens,oronasopharynx,2020-05-13
QOP61490,2020-10-22T00:00:00Z,Severe acute respiratory syndrome-related coronavirus,121,USA: TX,TX,Homo sapiens,oronasopharynx,2020-05-13
QOP61491,2020-10-22T00:00:00Z,Severe acute respiratory syndrome-related coronavirus,419,USA: TX,TX,Homo sapiens,oronasopharynx,2020-05-13
QOP61492,2020-10-22T00:00:00Z,Severe acute respiratory syndrome-related coronavirus,38,USA: TX,TX,Homo sapiens,oronasopharynx,2020-05-13
QOP61493,2020-10-22T00:00:00Z,Severe acute respiratory syndrome-related coronavirus,7096,USA: TX,TX,Homo sapiens,oronasopharynx,2020-05-14
QOP61494,2020-10-22T00:00:00Z,Severe acute respiratory syndrome-related coronavirus,4405,USA: TX,TX,Homo sapiens,oronasopharynx,2020-05-14
QOP61495,2020-10-22T00:00:00Z,Severe acute respiratory syndrome-related coronavirus,1273,USA: TX,TX,Homo sapiens,oronasopharynx,2020-05-14
QOP61496,2020-10-22T00:00:00Z,Severe acute respiratory syndrome-related coronavirus,275,USA: TX,TX,Homo sapiens,oronasopharynx,2020-05-14
QOP61497,2020-10-22T00:00:00Z,Severe acute respiratory syndrome-related coronavirus,75,USA: TX,TX,Homo sapiens,oronasopharynx,2020-05-14
QOP61498,2020-10-22T00:00:00Z,Severe acute respiratory syndrome-related coronavirus,222,USA: TX,TX,Homo sapiens,oronasopharynx,2020-05-14
QOP61499,2020-10-22T00:00:00Z,Severe acute respiratory syndrome-related coronavirus,61,USA: TX,TX,Homo sapiens,oronasopharynx,2020-05-14
QOP61500,2020-10-22T00:00:00Z,Severe acute respiratory syndrome-related coronavirus,121,USA: TX,TX,Homo sapiens,oronasopharynx,2020-05-14
QOP61501,2020-10-22T00:00:00Z,Severe acute respiratory syndrome-related coronavirus,43,USA: TX,TX,Homo sapiens,oronasopharynx,2020-05-14
QOP61502,2020-10-22T00:00:00Z,Severe acute respiratory syndrome-related coronavirus,121,USA: TX,TX,Homo sapiens,oronasopharynx,2020-05-14
QOP61503,2020-10-22T00:00:00Z,Severe acute respiratory syndrome-related coronavirus,419,USA: TX,TX,Homo sapiens,oronasopharynx,2020-05-14
QOP61504,2020-10-22T00:00:00Z,Severe acute respiratory syndrome-related coronavirus,38,USA: TX,TX,Homo sapiens,oronasopharynx,2020-05-14
QOP61505,2020-10-22T00:00:00Z,Severe acute respiratory syndrome-related coronavirus,7096,USA: TX,TX,Homo sapiens,oronasopharynx,2020-05-12
QOP61506,2020-10-22T00:00:00Z,Severe acute respiratory syndrome-related coronavirus,4405,USA: TX,TX,Homo sapiens,oronasopharynx,2020-05-12
QOP61507,2020-10-22T00:00:00Z,Severe acute respiratory syndrome-related coronavirus,1273,USA: TX,TX,Homo sapiens,oronasopharynx,2020-05-12
QOP61508,2020-10-22T00:00:00Z,Severe acute respiratory syndrome-related coronavirus,275,USA: TX,TX,Homo sapiens,oronasopharynx,2020-05-12
QOP61509,2020-10-22T00:00:00Z,Severe acute respiratory syndrome-related coronavirus,75,USA: TX,TX,Homo sapiens,oronasopharynx,2020-05-12
QOP61510,2020-10-22T00:00:00Z,Severe acute respiratory syndrome-related coronavirus,222,USA: TX,TX,Homo sapiens,oronasopharynx,2020-05-12
QOP61511,2020-10-22T00:00:00Z,Severe acute respiratory syndrome-related coronavirus,61,USA: TX,TX,Homo sapiens,oronasopharynx,2020-05-12
QOP61512,2020-10-22T00:00:00Z,Severe acute respiratory syndrome-related coronavirus,44,USA: TX,TX,Homo sapiens,oronasopharynx,2020-05-12
QOP61513,2020-10-22T00:00:00Z,Severe acute respiratory syndrome-related coronavirus,27,USA: TX,TX,Homo sapiens,oronasopharynx,2020-05-12
QOP61514,2020-10-22T00:00:00Z,Severe acute respiratory syndrome-related coronavirus,121,USA: TX,TX,Homo sapiens,oronasopharynx,2020-05-12
QOP61515,2020-10-22T00:00:00Z,Severe acute respiratory syndrome-related coronavirus,419,USA: TX,TX,Homo sapiens,oronasopharynx,2020-05-12
QOP61516,2020-10-22T00:00:00Z,Severe acute respiratory syndrome-related coronavirus,38,USA: TX,TX,Homo sapiens,oronasopharynx,2020-05-12
QOP61517,2020-10-22T00:00:00Z,Severe acute respiratory syndrome-related coronavirus,7096,USA: TX,TX,Homo sapiens,oronasopharynx,2020-05-14
QOP61518,2020-10-22T00:00:00Z,Severe acute respiratory syndrome-related coronavirus,4405,USA: TX,TX,Homo sapiens,oronasopharynx,2020-05-14
QOP61519,2020-10-22T00:00:00Z,Severe acute respiratory syndrome-related coronavirus,1273,USA: TX,TX,Homo sapiens,oronasopharynx,2020-05-14
QOP61520,2020-10-22T00:00:00Z,Severe acute respiratory syndrome-related coronavirus,275,USA: TX,TX,Homo sapiens,oronasopharynx,2020-05-14
QOP61521,2020-10-22T00:00:00Z,Severe acute respiratory syndrome-related coronavirus,75,USA: TX,TX,Homo sapiens,oronasopharynx,2020-05-14
QOP61522,2020-10-22T00:00:00Z,Severe acute respiratory syndrome-related coronavirus,222,USA: TX,TX,Homo sapiens,oronasopharynx,2020-05-14
QOP61523,2020-10-22T00:00:00Z,Severe acute respiratory syndrome-related coronavirus,61,USA: TX,TX,Homo sapiens,oronasopharynx,2020-05-14
QOP61524,2020-10-22T00:00:00Z,Severe acute respiratory syndrome-related coronavirus,44,USA: TX,TX,Homo sapiens,oronasopharynx,2020-05-14
QOP61525,2020-10-22T00:00:00Z,Severe acute respiratory syndrome-related coronavirus,28,USA: TX,TX,Homo sapiens,oronasopharynx,2020-05-14
QOP61526,2020-10-22T00:00:00Z,Severe acute respiratory syndrome-related coronavirus,121,USA: TX,TX,Homo sapiens,oronasopharynx,2020-05-14
QOP61527,2020-10-22T00:00:00Z,Severe acute respiratory syndrome-related coronavirus,419,USA: TX,TX,Homo sapiens,oronasopharynx,2020-05-14
QOP61528,2020-10-22T00:00:00Z,Severe acute respiratory syndrome-related coronavirus,38,USA: TX,TX,Homo sapiens,oronasopharynx,2020-05-14
QOP61529,2020-10-22T00:00:00Z,Severe acute respiratory syndrome-related coronavirus,7096,USA: TX,TX,Homo sapiens,oronasopharynx,2020-05-14
QOP61530,2020-10-22T00:00:00Z,Severe acute respiratory syndrome-related coronavirus,4405,USA: TX,TX,Homo sapiens,oronasopharynx,2020-05-14
QOP61531,2020-10-22T00:00:00Z,Severe acute respiratory syndrome-related coronavirus,1273,USA: TX,TX,Homo sapiens,oronasopharynx,2020-05-14
QOP61532,2020-10-22T00:00:00Z,Severe acute respiratory syndrome-related coronavirus,275,USA: TX,TX,Homo sapiens,oronasopharynx,2020-05-14
QOP61533,2020-10-22T00:00:00Z,Severe acute respiratory syndrome-related coronavirus,75,USA: TX,TX,Homo sapiens,oronasopharynx,2020-05-14
QOP61534,2020-10-22T00:00:00Z,Severe acute respiratory syndrome-related coronavirus,222,USA: TX,TX,Homo sapiens,oronasopharynx,2020-05-14
QOP61535,2020-10-22T00:00:00Z,Severe acute respiratory syndrome-related coronavirus,61,USA: TX,TX,Homo sapiens,oronasopharynx,2020-05-14
QOP61536,2020-10-22T00:00:00Z,Severe acute respiratory syndrome-related coronavirus,44,USA: TX,TX,Homo sapiens,oronasopharynx,2020-05-14
QOP61537,2020-10-22T00:00:00Z,Severe acute respiratory syndrome-related coronavirus,20,USA: TX,TX,Homo sapiens,oronasopharynx,2020-05-14
QOP61538,2020-10-22T00:00:00Z,Severe acute respiratory syndrome-related coronavirus,121,USA: TX,TX,Homo sapiens,oronasopharynx,2020-05-14
QOP61539,2020-10-22T00:00:00Z,Severe acute respiratory syndrome-related coronavirus,419,USA: TX,TX,Homo sapiens,oronasopharynx,2020-05-14
QOP61540,2020-10-22T00:00:00Z,Severe acute respiratory syndrome-related coronavirus,38,USA: TX,TX,Homo sapiens,oronasopharynx,2020-05-14
QOP61541,2020-10-22T00:00:00Z,Severe acute respiratory syndrome-related coronavirus,7096,USA: TX,TX,Homo sapiens,oronasopharynx,2020-05-13
QOP61542,2020-10-22T00:00:00Z,Severe acute respiratory syndrome-related coronavirus,4405,USA: TX,TX,Homo sapiens,oronasopharynx,2020-05-13
QOP61543,2020-10-22T00:00:00Z,Severe acute respiratory syndrome-related coronavirus,1273,USA: TX,TX,Homo sapiens,oronasopharynx,2020-05-13
QOP61544,2020-10-22T00:00:00Z,Severe acute respiratory syndrome-related coronavirus,275,USA: TX,TX,Homo sapiens,oronasopharynx,2020-05-13
QOP61545,2020-10-22T00:00:00Z,Severe acute respiratory syndrome-related coronavirus,75,USA: TX,TX,Homo sapiens,oronasopharynx,2020-05-13
QOP61546,2020-10-22T00:00:00Z,Severe acute respiratory syndrome-related coronavirus,222,USA: TX,TX,Homo sapiens,oronasopharynx,2020-05-13
QOP61547,2020-10-22T00:00:00Z,Severe acute respiratory syndrome-related coronavirus,61,USA: TX,TX,Homo sapiens,oronasopharynx,2020-05-13
QOP61548,2020-10-22T00:00:00Z,Severe acute respiratory syndrome-related coronavirus,44,USA: TX,TX,Homo sapiens,oronasopharynx,2020-05-13
QOP61549,2020-10-22T00:00:00Z,Severe acute respiratory syndrome-related coronavirus,27,USA: TX,TX,Homo sapiens,oronasopharynx,2020-05-13
QOP61550,2020-10-22T00:00:00Z,Severe acute respiratory syndrome-related coronavirus,121,USA: TX,TX,Homo sapiens,oronasopharynx,2020-05-13
QOP61551,2020-10-22T00:00:00Z,Severe acute respiratory syndrome-related coronavirus,419,USA: TX,TX,Homo sapiens,oronasopharynx,2020-05-13
QOP61552,2020-10-22T00:00:00Z,Severe acute respiratory syndrome-related coronavirus,38,USA: TX,TX,Homo sapiens,oronasopharynx,2020-05-13
QOP61553,2020-10-22T00:00:00Z,Severe acute respiratory syndrome-related coronavirus,7096,USA: TX,TX,Homo sapiens,oronasopharynx,2020-05-12
QOP61554,2020-10-22T00:00:00Z,Severe acute respiratory syndrome-related coronavirus,4405,USA: TX,TX,Homo sapiens,oronasopharynx,2020-05-12
QOP61555,2020-10-22T00:00:00Z,Severe acute respiratory syndrome-related coronavirus,1273,USA: TX,TX,Homo sapiens,oronasopharynx,2020-05-12
QOP61556,2020-10-22T00:00:00Z,Severe acute respiratory syndrome-related coronavirus,275,USA: TX,TX,Homo sapiens,oronasopharynx,2020-05-12
QOP61557,2020-10-22T00:00:00Z,Severe acute respiratory syndrome-related coronavirus,75,USA: TX,TX,Homo sapiens,oronasopharynx,2020-05-12
QOP61558,2020-10-22T00:00:00Z,Severe acute respiratory syndrome-related coronavirus,222,USA: TX,TX,Homo sapiens,oronasopharynx,2020-05-12
QOP61559,2020-10-22T00:00:00Z,Severe acute respiratory syndrome-related coronavirus,61,USA: TX,TX,Homo sapiens,oronasopharynx,2020-05-12
QOP61560,2020-10-22T00:00:00Z,Severe acute respiratory syndrome-related coronavirus,44,USA: TX,TX,Homo sapiens,oronasopharynx,2020-05-12
QOP61561,2020-10-22T00:00:00Z,Severe acute respiratory syndrome-related coronavirus,30,USA: TX,TX,Homo sapiens,oronasopharynx,2020-05-12
QOP61562,2020-10-22T00:00:00Z,Severe acute respiratory syndrome-related coronavirus,121,USA: TX,TX,Homo sapiens,oronasopharynx,2020-05-12
QOP61563,2020-10-22T00:00:00Z,Severe acute respiratory syndrome-related coronavirus,419,USA: TX,TX,Homo sapiens,oronasopharynx,2020-05-12
QOP61564,2020-10-22T00:00:00Z,Severe acute respiratory syndrome-related coronavirus,38,USA: TX,TX,Homo sapiens,oronasopharynx,2020-05-12
QOP61565,2020-10-22T00:00:00Z,Severe acute respiratory syndrome-related coronavirus,7096,USA: TX,TX,Homo sapiens,oronasopharynx,2020-05-14
QOP61566,2020-10-22T00:00:00Z,Severe acute respiratory syndrome-related coronavirus,4405,USA: TX,TX,Homo sapiens,oronasopharynx,2020-05-14
QOP61567,2020-10-22T00:00:00Z,Severe acute respiratory syndrome-related coronavirus,1273,USA: TX,TX,Homo sapiens,oronasopharynx,2020-05-14
QOP61568,2020-10-22T00:00:00Z,Severe acute respiratory syndrome-related coronavirus,275,USA: TX,TX,Homo sapiens,oronasopharynx,2020-05-14
QOP61569,2020-10-22T00:00:00Z,Severe acute respiratory syndrome-related coronavirus,75,USA: TX,TX,Homo sapiens,oronasopharynx,2020-05-14
QOP61570,2020-10-22T00:00:00Z,Severe acute respiratory syndrome-related coronavirus,222,USA: TX,TX,Homo sapiens,oronasopharynx,2020-05-14
QOP61571,2020-10-22T00:00:00Z,Severe acute respiratory syndrome-related coronavirus,61,USA: TX,TX,Homo sapiens,oronasopharynx,2020-05-14
QOP61572,2020-10-22T00:00:00Z,Severe acute respiratory syndrome-related coronavirus,44,USA: TX,TX,Homo sapiens,oronasopharynx,2020-05-14
QOP61573,2020-10-22T00:00:00Z,Severe acute respiratory syndrome-related coronavirus,29,USA: TX,TX,Homo sapiens,oronasopharynx,2020-05-14
QOP61574,2020-10-22T00:00:00Z,Severe acute respiratory syndrome-related coronavirus,121,USA: TX,TX,Homo sapiens,oronasopharynx,2020-05-14
QOP61575,2020-10-22T00:00:00Z,Severe acute respiratory syndrome-related coronavirus,419,USA: TX,TX,Homo sapiens,oronasopharynx,2020-05-14
QOP61576,2020-10-22T00:00:00Z,Severe acute respiratory syndrome-related coronavirus,38,USA: TX,TX,Homo sapiens,oronasopharynx,2020-05-14
QOP61577,2020-10-22T00:00:00Z,Severe acute respiratory syndrome-related coronavirus,7096,USA: TX,TX,Homo sapiens,oronasopharynx,2020-05-14
QOP61578,2020-10-22T00:00:00Z,Severe acute respiratory syndrome-related coronavirus,4405,USA: TX,TX,Homo sapiens,oronasopharynx,2020-05-14
QOP61579,2020-10-22T00:00:00Z,Severe acute respiratory syndrome-related coronavirus,1273,USA: TX,TX,Homo sapiens,oronasopharynx,2020-05-14
QOP61580,2020-10-22T00:00:00Z,Severe acute respiratory syndrome-related coronavirus,275,USA: TX,TX,Homo sapiens,oronasopharynx,2020-05-14
QOP61581,2020-10-22T00:00:00Z,Severe acute respiratory syndrome-related coronavirus,75,USA: TX,TX,Homo sapiens,oronasopharynx,2020-05-14
QOP61582,2020-10-22T00:00:00Z,Severe acute respiratory syndrome-related coronavirus,222,USA: TX,TX,Homo sapiens,oronasopharynx,2020-05-14
QOP61583,2020-10-22T00:00:00Z,Severe acute respiratory syndrome-related coronavirus,61,USA: TX,TX,Homo sapiens,oronasopharynx,2020-05-14
QOP61584,2020-10-22T00:00:00Z,Severe acute respiratory syndrome-related coronavirus,121,USA: TX,TX,Homo sapiens,oronasopharynx,2020-05-14
QOP61585,2020-10-22T00:00:00Z,Severe acute respiratory syndrome-related coronavirus,43,USA: TX,TX,Homo sapiens,oronasopharynx,2020-05-14
QOP61586,2020-10-22T00:00:00Z,Severe acute respiratory syndrome-related coronavirus,121,USA: TX,TX,Homo sapiens,oronasopharynx,2020-05-14
QOP61587,2020-10-22T00:00:00Z,Severe acute respiratory syndrome-related coronavirus,419,USA: TX,TX,Homo sapiens,oronasopharynx,2020-05-14
QOP61588,2020-10-22T00:00:00Z,Severe acute respiratory syndrome-related coronavirus,38,USA: TX,TX,Homo sapiens,oronasopharynx,2020-05-14
QOP61589,2020-10-22T00:00:00Z,Severe acute respiratory syndrome-related coronavirus,7096,USA: TX,TX,Homo sapiens,oronasopharynx,2020-05-14
QOP61590,2020-10-22T00:00:00Z,Severe acute respiratory syndrome-related coronavirus,4405,USA: TX,TX,Homo sapiens,oronasopharynx,2020-05-14
QOP61591,2020-10-22T00:00:00Z,Severe acute respiratory syndrome-related coronavirus,1273,USA: TX,TX,Homo sapiens,oronasopharynx,2020-05-14
QOP61592,2020-10-22T00:00:00Z,Severe acute respiratory syndrome-related coronavirus,275,USA: TX,TX,Homo sapiens,oronasopharynx,2020-05-14
QOP61593,2020-10-22T00:00:00Z,Severe acute respiratory syndrome-related coronavirus,75,USA: TX,TX,Homo sapiens,oronasopharynx,2020-05-14
QOP61594,2020-10-22T00:00:00Z,Severe acute respiratory syndrome-related coronavirus,222,USA: TX,TX,Homo sapiens,oronasopharynx,2020-05-14
QOP61595,2020-10-22T00:00:00Z,Severe acute respiratory syndrome-related coronavirus,61,USA: TX,TX,Homo sapiens,oronasopharynx,2020-05-14
QOP61596,2020-10-22T00:00:00Z,Severe acute respiratory syndrome-related coronavirus,45,USA: TX,TX,Homo sapiens,oronasopharynx,2020-05-14
QOP61597,2020-10-22T00:00:00Z,Severe acute respiratory syndrome-related coronavirus,28,USA: TX,TX,Homo sapiens,oronasopharynx,2020-05-14
QOP61598,2020-10-22T00:00:00Z,Severe acute respiratory syndrome-related coronavirus,121,USA: TX,TX,Homo sapiens,oronasopharynx,2020-05-14
QOP61599,2020-10-22T00:00:00Z,Severe acute respiratory syndrome-related coronavirus,419,USA: TX,TX,Homo sapiens,oronasopharynx,2020-05-14
QOP61600,2020-10-22T00:00:00Z,Severe acute respiratory syndrome-related coronavirus,38,USA: TX,TX,Homo sapiens,oronasopharynx,2020-05-14
QOP61601,2020-10-22T00:00:00Z,Severe acute respiratory syndrome-related coronavirus,7096,USA: TX,TX,Homo sapiens,oronasopharynx,2020-05-14
QOP61602,2020-10-22T00:00:00Z,Severe acute respiratory syndrome-related coronavirus,4405,USA: TX,TX,Homo sapiens,oronasopharynx,2020-05-14
QOP61603,2020-10-22T00:00:00Z,Severe acute respiratory syndrome-related coronavirus,1273,USA: TX,TX,Homo sapiens,oronasopharynx,2020-05-14
QOP61604,2020-10-22T00:00:00Z,Severe acute respiratory syndrome-related coronavirus,275,USA: TX,TX,Homo sapiens,oronasopharynx,2020-05-14
QOP61605,2020-10-22T00:00:00Z,Severe acute respiratory syndrome-related coronavirus,75,USA: TX,TX,Homo sapiens,oronasopharynx,2020-05-14
QOP61606,2020-10-22T00:00:00Z,Severe acute respiratory syndrome-related coronavirus,222,USA: TX,TX,Homo sapiens,oronasopharynx,2020-05-14
QOP61607,2020-10-22T00:00:00Z,Severe acute respiratory syndrome-related coronavirus,61,USA: TX,TX,Homo sapiens,oronasopharynx,2020-05-14
QOP61608,2020-10-22T00:00:00Z,Severe acute respiratory syndrome-related coronavirus,44,USA: TX,TX,Homo sapiens,oronasopharynx,2020-05-14
QOP61609,2020-10-22T00:00:00Z,Severe acute respiratory syndrome-related coronavirus,27,USA: TX,TX,Homo sapiens,oronasopharynx,2020-05-14
QOP61610,2020-10-22T00:00:00Z,Severe acute respiratory syndrome-related coronavirus,121,USA: TX,TX,Homo sapiens,oronasopharynx,2020-05-14
QOP61611,2020-10-22T00:00:00Z,Severe acute respiratory syndrome-related coronavirus,419,USA: TX,TX,Homo sapiens,oronasopharynx,2020-05-14
QOP61612,2020-10-22T00:00:00Z,Severe acute respiratory syndrome-related coronavirus,38,USA: TX,TX,Homo sapiens,oronasopharynx,2020-05-14
QOP61613,2020-10-22T00:00:00Z,Severe acute respiratory syndrome-related coronavirus,7096,USA: TX,TX,Homo sapiens,oronasopharynx,2020-05-14
QOP61614,2020-10-22T00:00:00Z,Severe acute respiratory syndrome-related coronavirus,4405,USA: TX,TX,Homo sapiens,oronasopharynx,2020-05-14
QOP61615,2020-10-22T00:00:00Z,Severe acute respiratory syndrome-related coronavirus,1273,USA: TX,TX,Homo sapiens,oronasopharynx,2020-05-14
QOP61616,2020-10-22T00:00:00Z,Severe acute respiratory syndrome-related coronavirus,275,USA: TX,TX,Homo sapiens,oronasopharynx,2020-05-14
QOP61617,2020-10-22T00:00:00Z,Severe acute respiratory syndrome-related coronavirus,75,USA: TX,TX,Homo sapiens,oronasopharynx,2020-05-14
QOP61618,2020-10-22T00:00:00Z,Severe acute respiratory syndrome-related coronavirus,222,USA: TX,TX,Homo sapiens,oronasopharynx,2020-05-14
QOP61619,2020-10-22T00:00:00Z,Severe acute respiratory syndrome-related coronavirus,61,USA: TX,TX,Homo sapiens,oronasopharynx,2020-05-14
QOP61620,2020-10-22T00:00:00Z,Severe acute respiratory syndrome-related coronavirus,44,USA: TX,TX,Homo sapiens,oronasopharynx,2020-05-14
QOP61621,2020-10-22T00:00:00Z,Severe acute respiratory syndrome-related coronavirus,31,USA: TX,TX,Homo sapiens,oronasopharynx,2020-05-14
QOP61622,2020-10-22T00:00:00Z,Severe acute respiratory syndrome-related coronavirus,121,USA: TX,TX,Homo sapiens,oronasopharynx,2020-05-14
QOP61623,2020-10-22T00:00:00Z,Severe acute respiratory syndrome-related coronavirus,419,USA: TX,TX,Homo sapiens,oronasopharynx,2020-05-14
QOP61624,2020-10-22T00:00:00Z,Severe acute respiratory syndrome-related coronavirus,38,USA: TX,TX,Homo sapiens,oronasopharynx,2020-05-14
QOP61625,2020-10-22T00:00:00Z,Severe acute respiratory syndrome-related coronavirus,7096,USA: TX,TX,Homo sapiens,oronasopharynx,2020-05-20
QOP61626,2020-10-22T00:00:00Z,Severe acute respiratory syndrome-related coronavirus,4405,USA: TX,TX,Homo sapiens,oronasopharynx,2020-05-20
QOP61627,2020-10-22T00:00:00Z,Severe acute respiratory syndrome-related coronavirus,1273,USA: TX,TX,Homo sapiens,oronasopharynx,2020-05-20
QOP61628,2020-10-22T00:00:00Z,Severe acute respiratory syndrome-related coronavirus,275,USA: TX,TX,Homo sapiens,oronasopharynx,2020-05-20
QOP61629,2020-10-22T00:00:00Z,Severe acute respiratory syndrome-related coronavirus,75,USA: TX,TX,Homo sapiens,oronasopharynx,2020-05-20
QOP61630,2020-10-22T00:00:00Z,Severe acute respiratory syndrome-related coronavirus,222,USA: TX,TX,Homo sapiens,oronasopharynx,2020-05-20
QOP61631,2020-10-22T00:00:00Z,Severe acute respiratory syndrome-related coronavirus,61,USA: TX,TX,Homo sapiens,oronasopharynx,2020-05-20
QOP61632,2020-10-22T00:00:00Z,Severe acute respiratory syndrome-related coronavirus,44,USA: TX,TX,Homo sapiens,oronasopharynx,2020-05-20
QOP61633,2020-10-22T00:00:00Z,Severe acute respiratory syndrome-related coronavirus,30,USA: TX,TX,Homo sapiens,oronasopharynx,2020-05-20
QOP61634,2020-10-22T00:00:00Z,Severe acute respiratory syndrome-related coronavirus,121,USA: TX,TX,Homo sapiens,oronasopharynx,2020-05-20
QOP61635,2020-10-22T00:00:00Z,Severe acute respiratory syndrome-related coronavirus,419,USA: TX,TX,Homo sapiens,oronasopharynx,2020-05-20
QOP61636,2020-10-22T00:00:00Z,Severe acute respiratory syndrome-related coronavirus,38,USA: TX,TX,Homo sapiens,oronasopharynx,2020-05-20
QOP61637,2020-10-22T00:00:00Z,Severe acute respiratory syndrome-related coronavirus,4405,USA: TX,TX,Homo sapiens,oronasopharynx,2020-05-14
QOP61638,2020-10-22T00:00:00Z,Severe acute respiratory syndrome-related coronavirus,6965,USA: TX,TX,Homo sapiens,oronasopharynx,2020-05-14
QOP61639,2020-10-22T00:00:00Z,Severe acute respiratory syndrome-related coronavirus,1264,USA: TX,TX,Homo sapiens,oronasopharynx,2020-05-14
QOP61640,2020-10-22T00:00:00Z,Severe acute respiratory syndrome-related coronavirus,275,USA: TX,TX,Homo sapiens,oronasopharynx,2020-05-14
QOP61641,2020-10-22T00:00:00Z,Severe acute respiratory syndrome-related coronavirus,75,USA: TX,TX,Homo sapiens,oronasopharynx,2020-05-14
QOP61642,2020-10-22T00:00:00Z,Severe acute respiratory syndrome-related coronavirus,222,USA: TX,TX,Homo sapiens,oronasopharynx,2020-05-14
QOP61643,2020-10-22T00:00:00Z,Severe acute respiratory syndrome-related coronavirus,61,USA: TX,TX,Homo sapiens,oronasopharynx,2020-05-14
QOP61644,2020-10-22T00:00:00Z,Severe acute respiratory syndrome-related coronavirus,44,USA: TX,TX,Homo sapiens,oronasopharynx,2020-05-14
QOP61645,2020-10-22T00:00:00Z,Severe acute respiratory syndrome-related coronavirus,90,USA: TX,TX,Homo sapiens,oronasopharynx,2020-05-14
QOP61646,2020-10-22T00:00:00Z,Severe acute respiratory syndrome-related coronavirus,419,USA: TX,TX,Homo sapiens,oronasopharynx,2020-05-14
QOP61647,2020-10-22T00:00:00Z,Severe acute respiratory syndrome-related coronavirus,38,USA: TX,TX,Homo sapiens,oronasopharynx,2020-05-14
QOP61648,2020-10-22T00:00:00Z,Severe acute respiratory syndrome-related coronavirus,7096,USA: TX,TX,Homo sapiens,oronasopharynx,2020-05-14
QOP61649,2020-10-22T00:00:00Z,Severe acute respiratory syndrome-related coronavirus,4405,USA: TX,TX,Homo sapiens,oronasopharynx,2020-05-14
QOP61650,2020-10-22T00:00:00Z,Severe acute respiratory syndrome-related coronavirus,1273,USA: TX,TX,Homo sapiens,oronasopharynx,2020-05-14
QOP61651,2020-10-22T00:00:00Z,Severe acute respiratory syndrome-related coronavirus,275,USA: TX,TX,Homo sapiens,oronasopharynx,2020-05-14
QOP61652,2020-10-22T00:00:00Z,Severe acute respiratory syndrome-related coronavirus,75,USA: TX,TX,Homo sapiens,oronasopharynx,2020-05-14
QOP61653,2020-10-22T00:00:00Z,Severe acute respiratory syndrome-related coronavirus,222,USA: TX,TX,Homo sapiens,oronasopharynx,2020-05-14
QOP61654,2020-10-22T00:00:00Z,Severe acute respiratory syndrome-related coronavirus,61,USA: TX,TX,Homo sapiens,oronasopharynx,2020-05-14
QOP61655,2020-10-22T00:00:00Z,Severe acute respiratory syndrome-related coronavirus,121,USA: TX,TX,Homo sapiens,oronasopharynx,2020-05-14
QOP61656,2020-10-22T00:00:00Z,Severe acute respiratory syndrome-related coronavirus,43,USA: TX,TX,Homo sapiens,oronasopharynx,2020-05-14
QOP61657,2020-10-22T00:00:00Z,Severe acute respiratory syndrome-related coronavirus,121,USA: TX,TX,Homo sapiens,oronasopharynx,2020-05-14
QOP61658,2020-10-22T00:00:00Z,Severe acute respiratory syndrome-related coronavirus,419,USA: TX,TX,Homo sapiens,oronasopharynx,2020-05-14
QOP61659,2020-10-22T00:00:00Z,Severe acute respiratory syndrome-related coronavirus,38,USA: TX,TX,Homo sapiens,oronasopharynx,2020-05-14
QOP61660,2020-10-22T00:00:00Z,Severe acute respiratory syndrome-related coronavirus,7096,USA: TX,TX,Homo sapiens,oronasopharynx,2020-05-14
QOP61661,2020-10-22T00:00:00Z,Severe acute respiratory syndrome-related coronavirus,4405,USA: TX,TX,Homo sapiens,oronasopharynx,2020-05-14
QOP61662,2020-10-22T00:00:00Z,Severe acute respiratory syndrome-related coronavirus,1273,USA: TX,TX,Homo sapiens,oronasopharynx,2020-05-14
QOP61663,2020-10-22T00:00:00Z,Severe acute respiratory syndrome-related coronavirus,275,USA: TX,TX,Homo sapiens,oronasopharynx,2020-05-14
QOP61664,2020-10-22T00:00:00Z,Severe acute respiratory syndrome-related coronavirus,75,USA: TX,TX,Homo sapiens,oronasopharynx,2020-05-14
QOP61665,2020-10-22T00:00:00Z,Severe acute respiratory syndrome-related coronavirus,222,USA: TX,TX,Homo sapiens,oronasopharynx,2020-05-14
QOP61666,2020-10-22T00:00:00Z,Severe acute respiratory syndrome-related coronavirus,61,USA: TX,TX,Homo sapiens,oronasopharynx,2020-05-14
QOP61667,2020-10-22T00:00:00Z,Severe acute respiratory syndrome-related coronavirus,44,USA: TX,TX,Homo sapiens,oronasopharynx,2020-05-14
QOP61668,2020-10-22T00:00:00Z,Severe acute respiratory syndrome-related coronavirus,29,USA: TX,TX,Homo sapiens,oronasopharynx,2020-05-14
QOP61669,2020-10-22T00:00:00Z,Severe acute respiratory syndrome-related coronavirus,121,USA: TX,TX,Homo sapiens,oronasopharynx,2020-05-14
QOP61670,2020-10-22T00:00:00Z,Severe acute respiratory syndrome-related coronavirus,419,USA: TX,TX,Homo sapiens,oronasopharynx,2020-05-14
QOP61671,2020-10-22T00:00:00Z,Severe acute respiratory syndrome-related coronavirus,38,USA: TX,TX,Homo sapiens,oronasopharynx,2020-05-14
QOP61672,2020-10-22T00:00:00Z,Severe acute respiratory syndrome-related coronavirus,7096,USA: TX,TX,Homo sapiens,oronasopharynx,2020-05-14
QOP61673,2020-10-22T00:00:00Z,Severe acute respiratory syndrome-related coronavirus,4405,USA: TX,TX,Homo sapiens,oronasopharynx,2020-05-14
QOP61674,2020-10-22T00:00:00Z,Severe acute respiratory syndrome-related coronavirus,1273,USA: TX,TX,Homo sapiens,oronasopharynx,2020-05-14
QOP61675,2020-10-22T00:00:00Z,Severe acute respiratory syndrome-related coronavirus,275,USA: TX,TX,Homo sapiens,oronasopharynx,2020-05-14
QOP61676,2020-10-22T00:00:00Z,Severe acute respiratory syndrome-related coronavirus,75,USA: TX,TX,Homo sapiens,oronasopharynx,2020-05-14
QOP61677,2020-10-22T00:00:00Z,Severe acute respiratory syndrome-related coronavirus,222,USA: TX,TX,Homo sapiens,oronasopharynx,2020-05-14
QOP61678,2020-10-22T00:00:00Z,Severe acute respiratory syndrome-related coronavirus,61,USA: TX,TX,Homo sapiens,oronasopharynx,2020-05-14
QOP61679,2020-10-22T00:00:00Z,Severe acute respiratory syndrome-related coronavirus,44,USA: TX,TX,Homo sapiens,oronasopharynx,2020-05-14
QOP61680,2020-10-22T00:00:00Z,Severe acute respiratory syndrome-related coronavirus,27,USA: TX,TX,Homo sapiens,oronasopharynx,2020-05-14
QOP61681,2020-10-22T00:00:00Z,Severe acute respiratory syndrome-related coronavirus,121,USA: TX,TX,Homo sapiens,oronasopharynx,2020-05-14
QOP61682,2020-10-22T00:00:00Z,Severe acute respiratory syndrome-related coronavirus,419,USA: TX,TX,Homo sapiens,oronasopharynx,2020-05-14
QOP61683,2020-10-22T00:00:00Z,Severe acute respiratory syndrome-related coronavirus,38,USA: TX,TX,Homo sapiens,oronasopharynx,2020-05-14
QOP61684,2020-10-22T00:00:00Z,Severe acute respiratory syndrome-related coronavirus,7096,USA: TX,TX,Homo sapiens,oronasopharynx,2020-05-12
QOP61685,2020-10-22T00:00:00Z,Severe acute respiratory syndrome-related coronavirus,4405,USA: TX,TX,Homo sapiens,oronasopharynx,2020-05-12
QOP61686,2020-10-22T00:00:00Z,Severe acute respiratory syndrome-related coronavirus,1273,USA: TX,TX,Homo sapiens,oronasopharynx,2020-05-12
QOP61687,2020-10-22T00:00:00Z,Severe acute respiratory syndrome-related coronavirus,275,USA: TX,TX,Homo sapiens,oronasopharynx,2020-05-12
QOP61688,2020-10-22T00:00:00Z,Severe acute respiratory syndrome-related coronavirus,75,USA: TX,TX,Homo sapiens,oronasopharynx,2020-05-12
QOP61689,2020-10-22T00:00:00Z,Severe acute respiratory syndrome-related coronavirus,222,USA: TX,TX,Homo sapiens,oronasopharynx,2020-05-12
QOP61690,2020-10-22T00:00:00Z,Severe acute respiratory syndrome-related coronavirus,61,USA: TX,TX,Homo sapiens,oronasopharynx,2020-05-12
QOP61691,2020-10-22T00:00:00Z,Severe acute respiratory syndrome-related coronavirus,44,USA: TX,TX,Homo sapiens,oronasopharynx,2020-05-12
QOP61692,2020-10-22T00:00:00Z,Severe acute respiratory syndrome-related coronavirus,27,USA: TX,TX,Homo sapiens,oronasopharynx,2020-05-12
QOP61693,2020-10-22T00:00:00Z,Severe acute respiratory syndrome-related coronavirus,121,USA: TX,TX,Homo sapiens,oronasopharynx,2020-05-12
QOP61694,2020-10-22T00:00:00Z,Severe acute respiratory syndrome-related coronavirus,419,USA: TX,TX,Homo sapiens,oronasopharynx,2020-05-12
QOP61695,2020-10-22T00:00:00Z,Severe acute respiratory syndrome-related coronavirus,38,USA: TX,TX,Homo sapiens,oronasopharynx,2020-05-12
QOP61696,2020-10-22T00:00:00Z,Severe acute respiratory syndrome-related coronavirus,7096,USA: TX,TX,Homo sapiens,oronasopharynx,2020-05-20
QOP61697,2020-10-22T00:00:00Z,Severe acute respiratory syndrome-related coronavirus,4405,USA: TX,TX,Homo sapiens,oronasopharynx,2020-05-20
QOP61698,2020-10-22T00:00:00Z,Severe acute respiratory syndrome-related coronavirus,1273,USA: TX,TX,Homo sapiens,oronasopharynx,2020-05-20
QOP61699,2020-10-22T00:00:00Z,Severe acute respiratory syndrome-related coronavirus,275,USA: TX,TX,Homo sapiens,oronasopharynx,2020-05-20
QOP61700,2020-10-22T00:00:00Z,Severe acute respiratory syndrome-related coronavirus,75,USA: TX,TX,Homo sapiens,oronasopharynx,2020-05-20
QOP61701,2020-10-22T00:00:00Z,Severe acute respiratory syndrome-related coronavirus,222,USA: TX,TX,Homo sapiens,oronasopharynx,2020-05-20
QOP61702,2020-10-22T00:00:00Z,Severe acute respiratory syndrome-related coronavirus,61,USA: TX,TX,Homo sapiens,oronasopharynx,2020-05-20
QOP61703,2020-10-22T00:00:00Z,Severe acute respiratory syndrome-related coronavirus,44,USA: TX,TX,Homo sapiens,oronasopharynx,2020-05-20
QOP61704,2020-10-22T00:00:00Z,Severe acute respiratory syndrome-related coronavirus,30,USA: TX,TX,Homo sapiens,oronasopharynx,2020-05-20
QOP61705,2020-10-22T00:00:00Z,Severe acute respiratory syndrome-related coronavirus,121,USA: TX,TX,Homo sapiens,oronasopharynx,2020-05-20
QOP61706,2020-10-22T00:00:00Z,Severe acute respiratory syndrome-related coronavirus,419,USA: TX,TX,Homo sapiens,oronasopharynx,2020-05-20
QOP61707,2020-10-22T00:00:00Z,Severe acute respiratory syndrome-related coronavirus,38,USA: TX,TX,Homo sapiens,oronasopharynx,2020-05-20
QOP61708,2020-10-22T00:00:00Z,Severe acute respiratory syndrome-related coronavirus,7096,USA: TX,TX,Homo sapiens,oronasopharynx,2020-05-13
QOP61709,2020-10-22T00:00:00Z,Severe acute respiratory syndrome-related coronavirus,4405,USA: TX,TX,Homo sapiens,oronasopharynx,2020-05-13
QOP61710,2020-10-22T00:00:00Z,Severe acute respiratory syndrome-related coronavirus,1273,USA: TX,TX,Homo sapiens,oronasopharynx,2020-05-13
QOP61711,2020-10-22T00:00:00Z,Severe acute respiratory syndrome-related coronavirus,275,USA: TX,TX,Homo sapiens,oronasopharynx,2020-05-13
QOP61712,2020-10-22T00:00:00Z,Severe acute respiratory syndrome-related coronavirus,75,USA: TX,TX,Homo sapiens,oronasopharynx,2020-05-13
QOP61713,2020-10-22T00:00:00Z,Severe acute respiratory syndrome-related coronavirus,222,USA: TX,TX,Homo sapiens,oronasopharynx,2020-05-13
QOP61714,2020-10-22T00:00:00Z,Severe acute respiratory syndrome-related coronavirus,61,USA: TX,TX,Homo sapiens,oronasopharynx,2020-05-13
QOP61715,2020-10-22T00:00:00Z,Severe acute respiratory syndrome-related coronavirus,121,USA: TX,TX,Homo sapiens,oronasopharynx,2020-05-13
QOP61716,2020-10-22T00:00:00Z,Severe acute respiratory syndrome-related coronavirus,43,USA: TX,TX,Homo sapiens,oronasopharynx,2020-05-13
QOP61717,2020-10-22T00:00:00Z,Severe acute respiratory syndrome-related coronavirus,121,USA: TX,TX,Homo sapiens,oronasopharynx,2020-05-13
QOP61718,2020-10-22T00:00:00Z,Severe acute respiratory syndrome-related coronavirus,419,USA: TX,TX,Homo sapiens,oronasopharynx,2020-05-13
QOP61719,2020-10-22T00:00:00Z,Severe acute respiratory syndrome-related coronavirus,38,USA: TX,TX,Homo sapiens,oronasopharynx,2020-05-13
QOP61720,2020-10-22T00:00:00Z,Severe acute respiratory syndrome-related coronavirus,4405,USA: TX,TX,Homo sapiens,oronasopharynx,2020-05-20
QOP61721,2020-10-22T00:00:00Z,Severe acute respiratory syndrome-related coronavirus,6965,USA: TX,TX,Homo sapiens,oronasopharynx,2020-05-20
QOP61722,2020-10-22T00:00:00Z,Severe acute respiratory syndrome-related coronavirus,1262,USA: TX,TX,Homo sapiens,oronasopharynx,2020-05-20
QOP61723,2020-10-22T00:00:00Z,Severe acute respiratory syndrome-related coronavirus,275,USA: TX,TX,Homo sapiens,oronasopharynx,2020-05-20
QOP61724,2020-10-22T00:00:00Z,Severe acute respiratory syndrome-related coronavirus,75,USA: TX,TX,Homo sapiens,oronasopharynx,2020-05-20
QOP61725,2020-10-22T00:00:00Z,Severe acute respiratory syndrome-related coronavirus,222,USA: TX,TX,Homo sapiens,oronasopharynx,2020-05-20
QOP61726,2020-10-22T00:00:00Z,Severe acute respiratory syndrome-related coronavirus,61,USA: TX,TX,Homo sapiens,oronasopharynx,2020-05-20
QOP61727,2020-10-22T00:00:00Z,Severe acute respiratory syndrome-related coronavirus,44,USA: TX,TX,Homo sapiens,oronasopharynx,2020-05-20
QOP61728,2020-10-22T00:00:00Z,Severe acute respiratory syndrome-related coronavirus,27,USA: TX,TX,Homo sapiens,oronasopharynx,2020-05-20
QOP61729,2020-10-22T00:00:00Z,Severe acute respiratory syndrome-related coronavirus,121,USA: TX,TX,Homo sapiens,oronasopharynx,2020-05-20
QOP61730,2020-10-22T00:00:00Z,Severe acute respiratory syndrome-related coronavirus,419,USA: TX,TX,Homo sapiens,oronasopharynx,2020-05-20
QOP61731,2020-10-22T00:00:00Z,Severe acute respiratory syndrome-related coronavirus,38,USA: TX,TX,Homo sapiens,oronasopharynx,2020-05-20
QOP61732,2020-10-22T00:00:00Z,Severe acute respiratory syndrome-related coronavirus,7096,USA: TX,TX,Homo sapiens,oronasopharynx,2020-05-14
QOP61733,2020-10-22T00:00:00Z,Severe acute respiratory syndrome-related coronavirus,4405,USA: TX,TX,Homo sapiens,oronasopharynx,2020-05-14
QOP61734,2020-10-22T00:00:00Z,Severe acute respiratory syndrome-related coronavirus,1273,USA: TX,TX,Homo sapiens,oronasopharynx,2020-05-14
QOP61735,2020-10-22T00:00:00Z,Severe acute respiratory syndrome-related coronavirus,275,USA: TX,TX,Homo sapiens,oronasopharynx,2020-05-14
QOP61736,2020-10-22T00:00:00Z,Severe acute respiratory syndrome-related coronavirus,75,USA: TX,TX,Homo sapiens,oronasopharynx,2020-05-14
QOP61737,2020-10-22T00:00:00Z,Severe acute respiratory syndrome-related coronavirus,222,USA: TX,TX,Homo sapiens,oronasopharynx,2020-05-14
QOP61738,2020-10-22T00:00:00Z,Severe acute respiratory syndrome-related coronavirus,61,USA: TX,TX,Homo sapiens,oronasopharynx,2020-05-14
QOP61739,2020-10-22T00:00:00Z,Severe acute respiratory syndrome-related coronavirus,44,USA: TX,TX,Homo sapiens,oronasopharynx,2020-05-14
QOP61740,2020-10-22T00:00:00Z,Severe acute respiratory syndrome-related coronavirus,30,USA: TX,TX,Homo sapiens,oronasopharynx,2020-05-14
QOP61741,2020-10-22T00:00:00Z,Severe acute respiratory syndrome-related coronavirus,121,USA: TX,TX,Homo sapiens,oronasopharynx,2020-05-14
QOP61742,2020-10-22T00:00:00Z,Severe acute respiratory syndrome-related coronavirus,419,USA: TX,TX,Homo sapiens,oronasopharynx,2020-05-14
QOP61743,2020-10-22T00:00:00Z,Severe acute respiratory syndrome-related coronavirus,38,USA: TX,TX,Homo sapiens,oronasopharynx,2020-05-14
QOP61744,2020-10-22T00:00:00Z,Severe acute respiratory syndrome-related coronavirus,7096,USA: TX,TX,Homo sapiens,oronasopharynx,2020-05-13
QOP61745,2020-10-22T00:00:00Z,Severe acute respiratory syndrome-related coronavirus,4405,USA: TX,TX,Homo sapiens,oronasopharynx,2020-05-13
QOP61746,2020-10-22T00:00:00Z,Severe acute respiratory syndrome-related coronavirus,1273,USA: TX,TX,Homo sapiens,oronasopharynx,2020-05-13
QOP61747,2020-10-22T00:00:00Z,Severe acute respiratory syndrome-related coronavirus,275,USA: TX,TX,Homo sapiens,oronasopharynx,2020-05-13
QOP61748,2020-10-22T00:00:00Z,Severe acute respiratory syndrome-related coronavirus,75,USA: TX,TX,Homo sapiens,oronasopharynx,2020-05-13
QOP61749,2020-10-22T00:00:00Z,Severe acute respiratory syndrome-related coronavirus,222,USA: TX,TX,Homo sapiens,oronasopharynx,2020-05-13
QOP61750,2020-10-22T00:00:00Z,Severe acute respiratory syndrome-related coronavirus,61,USA: TX,TX,Homo sapiens,oronasopharynx,2020-05-13
QOP61751,2020-10-22T00:00:00Z,Severe acute respiratory syndrome-related coronavirus,44,USA: TX,TX,Homo sapiens,oronasopharynx,2020-05-13
QOP61752,2020-10-22T00:00:00Z,Severe acute respiratory syndrome-related coronavirus,28,USA: TX,TX,Homo sapiens,oronasopharynx,2020-05-13
QOP61753,2020-10-22T00:00:00Z,Severe acute respiratory syndrome-related coronavirus,121,USA: TX,TX,Homo sapiens,oronasopharynx,2020-05-13
QOP61754,2020-10-22T00:00:00Z,Severe acute respiratory syndrome-related coronavirus,419,USA: TX,TX,Homo sapiens,oronasopharynx,2020-05-13
QOP61755,2020-10-22T00:00:00Z,Severe acute respiratory syndrome-related coronavirus,38,USA: TX,TX,Homo sapiens,oronasopharynx,2020-05-13
QOP61756,2020-10-22T00:00:00Z,Severe acute respiratory syndrome-related coronavirus,7096,USA: TX,TX,Homo sapiens,oronasopharynx,2020-05-14
QOP61757,2020-10-22T00:00:00Z,Severe acute respiratory syndrome-related coronavirus,4405,USA: TX,TX,Homo sapiens,oronasopharynx,2020-05-14
QOP61758,2020-10-22T00:00:00Z,Severe acute respiratory syndrome-related coronavirus,1273,USA: TX,TX,Homo sapiens,oronasopharynx,2020-05-14
QOP61759,2020-10-22T00:00:00Z,Severe acute respiratory syndrome-related coronavirus,275,USA: TX,TX,Homo sapiens,oronasopharynx,2020-05-14
QOP61760,2020-10-22T00:00:00Z,Severe acute respiratory syndrome-related coronavirus,75,USA: TX,TX,Homo sapiens,oronasopharynx,2020-05-14
QOP61761,2020-10-22T00:00:00Z,Severe acute respiratory syndrome-related coronavirus,222,USA: TX,TX,Homo sapiens,oronasopharynx,2020-05-14
QOP61762,2020-10-22T00:00:00Z,Severe acute respiratory syndrome-related coronavirus,61,USA: TX,TX,Homo sapiens,oronasopharynx,2020-05-14
QOP61763,2020-10-22T00:00:00Z,Severe acute respiratory syndrome-related coronavirus,44,USA: TX,TX,Homo sapiens,oronasopharynx,2020-05-14
QOP61764,2020-10-22T00:00:00Z,Severe acute respiratory syndrome-related coronavirus,103,USA: TX,TX,Homo sapiens,oronasopharynx,2020-05-14
QOP61765,2020-10-22T00:00:00Z,Severe acute respiratory syndrome-related coronavirus,419,USA: TX,TX,Homo sapiens,oronasopharynx,2020-05-14
QOP61766,2020-10-22T00:00:00Z,Severe acute respiratory syndrome-related coronavirus,38,USA: TX,TX,Homo sapiens,oronasopharynx,2020-05-14
QOP61767,2020-10-22T00:00:00Z,Severe acute respiratory syndrome-related coronavirus,4405,USA: TX,TX,Homo sapiens,oronasopharynx,2020-05-13
QOP61768,2020-10-22T00:00:00Z,Severe acute respiratory syndrome-related coronavirus,6966,USA: TX,TX,Homo sapiens,oronasopharynx,2020-05-13
QOP61769,2020-10-22T00:00:00Z,Severe acute respiratory syndrome-related coronavirus,1134,USA: TX,TX,Homo sapiens,oronasopharynx,2020-05-13
QOP61770,2020-10-22T00:00:00Z,Severe acute respiratory syndrome-related coronavirus,275,USA: TX,TX,Homo sapiens,oronasopharynx,2020-05-13
QOP61771,2020-10-22T00:00:00Z,Severe acute respiratory syndrome-related coronavirus,75,USA: TX,TX,Homo sapiens,oronasopharynx,2020-05-13
QOP61772,2020-10-22T00:00:00Z,Severe acute respiratory syndrome-related coronavirus,222,USA: TX,TX,Homo sapiens,oronasopharynx,2020-05-13
QOP61773,2020-10-22T00:00:00Z,Severe acute respiratory syndrome-related coronavirus,61,USA: TX,TX,Homo sapiens,oronasopharynx,2020-05-13
QOP61774,2020-10-22T00:00:00Z,Severe acute respiratory syndrome-related coronavirus,44,USA: TX,TX,Homo sapiens,oronasopharynx,2020-05-13
QOP61775,2020-10-22T00:00:00Z,Severe acute respiratory syndrome-related coronavirus,56,USA: TX,TX,Homo sapiens,oronasopharynx,2020-05-13
QOP61776,2020-10-22T00:00:00Z,Severe acute respiratory syndrome-related coronavirus,365,USA: TX,TX,Homo sapiens,oronasopharynx,2020-05-13
QOP61777,2020-10-22T00:00:00Z,Severe acute respiratory syndrome-related coronavirus,7096,USA: TX,TX,Homo sapiens,oronasopharynx,2020-05-20
QOP61778,2020-10-22T00:00:00Z,Severe acute respiratory syndrome-related coronavirus,4405,USA: TX,TX,Homo sapiens,oronasopharynx,2020-05-20
QOP61779,2020-10-22T00:00:00Z,Severe acute respiratory syndrome-related coronavirus,1273,USA: TX,TX,Homo sapiens,oronasopharynx,2020-05-20
QOP61780,2020-10-22T00:00:00Z,Severe acute respiratory syndrome-related coronavirus,275,USA: TX,TX,Homo sapiens,oronasopharynx,2020-05-20
QOP61781,2020-10-22T00:00:00Z,Severe acute respiratory syndrome-related coronavirus,75,USA: TX,TX,Homo sapiens,oronasopharynx,2020-05-20
QOP61782,2020-10-22T00:00:00Z,Severe acute respiratory syndrome-related coronavirus,222,USA: TX,TX,Homo sapiens,oronasopharynx,2020-05-20
QOP61783,2020-10-22T00:00:00Z,Severe acute respiratory syndrome-related coronavirus,61,USA: TX,TX,Homo sapiens,oronasopharynx,2020-05-20
QOP61784,2020-10-22T00:00:00Z,Severe acute respiratory syndrome-related coronavirus,121,USA: TX,TX,Homo sapiens,oronasopharynx,2020-05-20
QOP61785,2020-10-22T00:00:00Z,Severe acute respiratory syndrome-related coronavirus,43,USA: TX,TX,Homo sapiens,oronasopharynx,2020-05-20
QOP61786,2020-10-22T00:00:00Z,Severe acute respiratory syndrome-related coronavirus,121,USA: TX,TX,Homo sapiens,oronasopharynx,2020-05-20
QOP61787,2020-10-22T00:00:00Z,Severe acute respiratory syndrome-related coronavirus,419,USA: TX,TX,Homo sapiens,oronasopharynx,2020-05-20
QOP61788,2020-10-22T00:00:00Z,Severe acute respiratory syndrome-related coronavirus,38,USA: TX,TX,Homo sapiens,oronasopharynx,2020-05-20
QOP61789,2020-10-22T00:00:00Z,Severe acute respiratory syndrome-related coronavirus,7096,USA: TX,TX,Homo sapiens,oronasopharynx,2020-05-14
QOP61790,2020-10-22T00:00:00Z,Severe acute respiratory syndrome-related coronavirus,4405,USA: TX,TX,Homo sapiens,oronasopharynx,2020-05-14
QOP61791,2020-10-22T00:00:00Z,Severe acute respiratory syndrome-related coronavirus,1273,USA: TX,TX,Homo sapiens,oronasopharynx,2020-05-14
QOP61792,2020-10-22T00:00:00Z,Severe acute respiratory syndrome-related coronavirus,275,USA: TX,TX,Homo sapiens,oronasopharynx,2020-05-14
QOP61793,2020-10-22T00:00:00Z,Severe acute respiratory syndrome-related coronavirus,75,USA: TX,TX,Homo sapiens,oronasopharynx,2020-05-14
QOP61794,2020-10-22T00:00:00Z,Severe acute respiratory syndrome-related coronavirus,222,USA: TX,TX,Homo sapiens,oronasopharynx,2020-05-14
QOP61795,2020-10-22T00:00:00Z,Severe acute respiratory syndrome-related coronavirus,61,USA: TX,TX,Homo sapiens,oronasopharynx,2020-05-14
QOP61796,2020-10-22T00:00:00Z,Severe acute respiratory syndrome-related coronavirus,44,USA: TX,TX,Homo sapiens,oronasopharynx,2020-05-14
QOP61797,2020-10-22T00:00:00Z,Severe acute respiratory syndrome-related coronavirus,30,USA: TX,TX,Homo sapiens,oronasopharynx,2020-05-14
QOP61798,2020-10-22T00:00:00Z,Severe acute respiratory syndrome-related coronavirus,121,USA: TX,TX,Homo sapiens,oronasopharynx,2020-05-14
QOP61799,2020-10-22T00:00:00Z,Severe acute respiratory syndrome-related coronavirus,419,USA: TX,TX,Homo sapiens,oronasopharynx,2020-05-14
QOP61800,2020-10-22T00:00:00Z,Severe acute respiratory syndrome-related coronavirus,38,USA: TX,TX,Homo sapiens,oronasopharynx,2020-05-14
QOP61801,2020-10-22T00:00:00Z,Severe acute respiratory syndrome-related coronavirus,7096,USA: TX,TX,Homo sapiens,oronasopharynx,2020-05-14
QOP61802,2020-10-22T00:00:00Z,Severe acute respiratory syndrome-related coronavirus,4405,USA: TX,TX,Homo sapiens,oronasopharynx,2020-05-14
QOP61803,2020-10-22T00:00:00Z,Severe acute respiratory syndrome-related coronavirus,1273,USA: TX,TX,Homo sapiens,oronasopharynx,2020-05-14
QOP61804,2020-10-22T00:00:00Z,Severe acute respiratory syndrome-related coronavirus,275,USA: TX,TX,Homo sapiens,oronasopharynx,2020-05-14
QOP61805,2020-10-22T00:00:00Z,Severe acute respiratory syndrome-related coronavirus,75,USA: TX,TX,Homo sapiens,oronasopharynx,2020-05-14
QOP61806,2020-10-22T00:00:00Z,Severe acute respiratory syndrome-related coronavirus,222,USA: TX,TX,Homo sapiens,oronasopharynx,2020-05-14
QOP61807,2020-10-22T00:00:00Z,Severe acute respiratory syndrome-related coronavirus,61,USA: TX,TX,Homo sapiens,oronasopharynx,2020-05-14
QOP61808,2020-10-22T00:00:00Z,Severe acute respiratory syndrome-related coronavirus,44,USA: TX,TX,Homo sapiens,oronasopharynx,2020-05-14
QOP61809,2020-10-22T00:00:00Z,Severe acute respiratory syndrome-related coronavirus,27,USA: TX,TX,Homo sapiens,oronasopharynx,2020-05-14
QOP61810,2020-10-22T00:00:00Z,Severe acute respiratory syndrome-related coronavirus,121,USA: TX,TX,Homo sapiens,oronasopharynx,2020-05-14
QOP61811,2020-10-22T00:00:00Z,Severe acute respiratory syndrome-related coronavirus,419,USA: TX,TX,Homo sapiens,oronasopharynx,2020-05-14
QOP61812,2020-10-22T00:00:00Z,Severe acute respiratory syndrome-related coronavirus,38,USA: TX,TX,Homo sapiens,oronasopharynx,2020-05-14
QOP61813,2020-10-22T00:00:00Z,Severe acute respiratory syndrome-related coronavirus,7096,USA: TX,TX,Homo sapiens,oronasopharynx,2020-05-14
QOP61814,2020-10-22T00:00:00Z,Severe acute respiratory syndrome-related coronavirus,4405,USA: TX,TX,Homo sapiens,oronasopharynx,2020-05-14
QOP61815,2020-10-22T00:00:00Z,Severe acute respiratory syndrome-related coronavirus,1273,USA: TX,TX,Homo sapiens,oronasopharynx,2020-05-14
QOP61816,2020-10-22T00:00:00Z,Severe acute respiratory syndrome-related coronavirus,275,USA: TX,TX,Homo sapiens,oronasopharynx,2020-05-14
QOP61817,2020-10-22T00:00:00Z,Severe acute respiratory syndrome-related coronavirus,75,USA: TX,TX,Homo sapiens,oronasopharynx,2020-05-14
QOP61818,2020-10-22T00:00:00Z,Severe acute respiratory syndrome-related coronavirus,222,USA: TX,TX,Homo sapiens,oronasopharynx,2020-05-14
QOP61819,2020-10-22T00:00:00Z,Severe acute respiratory syndrome-related coronavirus,61,USA: TX,TX,Homo sapiens,oronasopharynx,2020-05-14
QOP61820,2020-10-22T00:00:00Z,Severe acute respiratory syndrome-related coronavirus,44,USA: TX,TX,Homo sapiens,oronasopharynx,2020-05-14
QOP61821,2020-10-22T00:00:00Z,Severe acute respiratory syndrome-related coronavirus,30,USA: TX,TX,Homo sapiens,oronasopharynx,2020-05-14
QOP61822,2020-10-22T00:00:00Z,Severe acute respiratory syndrome-related coronavirus,121,USA: TX,TX,Homo sapiens,oronasopharynx,2020-05-14
QOP61823,2020-10-22T00:00:00Z,Severe acute respiratory syndrome-related coronavirus,419,USA: TX,TX,Homo sapiens,oronasopharynx,2020-05-14
QOP61824,2020-10-22T00:00:00Z,Severe acute respiratory syndrome-related coronavirus,38,USA: TX,TX,Homo sapiens,oronasopharynx,2020-05-14
QOP61825,2020-10-22T00:00:00Z,Severe acute respiratory syndrome-related coronavirus,7096,USA: TX,TX,Homo sapiens,oronasopharynx,2020-05-14
QOP61826,2020-10-22T00:00:00Z,Severe acute respiratory syndrome-related coronavirus,4405,USA: TX,TX,Homo sapiens,oronasopharynx,2020-05-14
QOP61827,2020-10-22T00:00:00Z,Severe acute respiratory syndrome-related coronavirus,1273,USA: TX,TX,Homo sapiens,oronasopharynx,2020-05-14
QOP61828,2020-10-22T00:00:00Z,Severe acute respiratory syndrome-related coronavirus,275,USA: TX,TX,Homo sapiens,oronasopharynx,2020-05-14
QOP61829,2020-10-22T00:00:00Z,Severe acute respiratory syndrome-related coronavirus,75,USA: TX,TX,Homo sapiens,oronasopharynx,2020-05-14
QOP61830,2020-10-22T00:00:00Z,Severe acute respiratory syndrome-related coronavirus,222,USA: TX,TX,Homo sapiens,oronasopharynx,2020-05-14
QOP61831,2020-10-22T00:00:00Z,Severe acute respiratory syndrome-related coronavirus,61,USA: TX,TX,Homo sapiens,oronasopharynx,2020-05-14
QOP61832,2020-10-22T00:00:00Z,Severe acute respiratory syndrome-related coronavirus,44,USA: TX,TX,Homo sapiens,oronasopharynx,2020-05-14
QOP61833,2020-10-22T00:00:00Z,Severe acute respiratory syndrome-related coronavirus,30,USA: TX,TX,Homo sapiens,oronasopharynx,2020-05-14
QOP61834,2020-10-22T00:00:00Z,Severe acute respiratory syndrome-related coronavirus,121,USA: TX,TX,Homo sapiens,oronasopharynx,2020-05-14
QOP61835,2020-10-22T00:00:00Z,Severe acute respiratory syndrome-related coronavirus,419,USA: TX,TX,Homo sapiens,oronasopharynx,2020-05-14
QOP61836,2020-10-22T00:00:00Z,Severe acute respiratory syndrome-related coronavirus,38,USA: TX,TX,Homo sapiens,oronasopharynx,2020-05-14
QOP61837,2020-10-22T00:00:00Z,Severe acute respiratory syndrome-related coronavirus,7096,USA: TX,TX,Homo sapiens,oronasopharynx,2020-05-14
QOP61838,2020-10-22T00:00:00Z,Severe acute respiratory syndrome-related coronavirus,4405,USA: TX,TX,Homo sapiens,oronasopharynx,2020-05-14
QOP61839,2020-10-22T00:00:00Z,Severe acute respiratory syndrome-related coronavirus,1273,USA: TX,TX,Homo sapiens,oronasopharynx,2020-05-14
QOP61840,2020-10-22T00:00:00Z,Severe acute respiratory syndrome-related coronavirus,275,USA: TX,TX,Homo sapiens,oronasopharynx,2020-05-14
QOP61841,2020-10-22T00:00:00Z,Severe acute respiratory syndrome-related coronavirus,75,USA: TX,TX,Homo sapiens,oronasopharynx,2020-05-14
QOP61842,2020-10-22T00:00:00Z,Severe acute respiratory syndrome-related coronavirus,222,USA: TX,TX,Homo sapiens,oronasopharynx,2020-05-14
QOP61843,2020-10-22T00:00:00Z,Severe acute respiratory syndrome-related coronavirus,61,USA: TX,TX,Homo sapiens,oronasopharynx,2020-05-14
QOP61844,2020-10-22T00:00:00Z,Severe acute respiratory syndrome-related coronavirus,107,USA: TX,TX,Homo sapiens,oronasopharynx,2020-05-14
QOP61845,2020-10-22T00:00:00Z,Severe acute respiratory syndrome-related coronavirus,31,USA: TX,TX,Homo sapiens,oronasopharynx,2020-05-14
QOP61846,2020-10-22T00:00:00Z,Severe acute respiratory syndrome-related coronavirus,121,USA: TX,TX,Homo sapiens,oronasopharynx,2020-05-14
QOP61847,2020-10-22T00:00:00Z,Severe acute respiratory syndrome-related coronavirus,419,USA: TX,TX,Homo sapiens,oronasopharynx,2020-05-14
QOP61848,2020-10-22T00:00:00Z,Severe acute respiratory syndrome-related coronavirus,38,USA: TX,TX,Homo sapiens,oronasopharynx,2020-05-14
QOP61849,2020-10-22T00:00:00Z,Severe acute respiratory syndrome-related coronavirus,7096,USA: TX,TX,Homo sapiens,oronasopharynx,2020-05-20
QOP61850,2020-10-22T00:00:00Z,Severe acute respiratory syndrome-related coronavirus,4405,USA: TX,TX,Homo sapiens,oronasopharynx,2020-05-20
QOP61851,2020-10-22T00:00:00Z,Severe acute respiratory syndrome-related coronavirus,1273,USA: TX,TX,Homo sapiens,oronasopharynx,2020-05-20
QOP61852,2020-10-22T00:00:00Z,Severe acute respiratory syndrome-related coronavirus,275,USA: TX,TX,Homo sapiens,oronasopharynx,2020-05-20
QOP61853,2020-10-22T00:00:00Z,Severe acute respiratory syndrome-related coronavirus,75,USA: TX,TX,Homo sapiens,oronasopharynx,2020-05-20
QOP61854,2020-10-22T00:00:00Z,Severe acute respiratory syndrome-related coronavirus,222,USA: TX,TX,Homo sapiens,oronasopharynx,2020-05-20
QOP61855,2020-10-22T00:00:00Z,Severe acute respiratory syndrome-related coronavirus,61,USA: TX,TX,Homo sapiens,oronasopharynx,2020-05-20
QOP61856,2020-10-22T00:00:00Z,Severe acute respiratory syndrome-related coronavirus,45,USA: TX,TX,Homo sapiens,oronasopharynx,2020-05-20
QOP61857,2020-10-22T00:00:00Z,Severe acute respiratory syndrome-related coronavirus,30,USA: TX,TX,Homo sapiens,oronasopharynx,2020-05-20
QOP61858,2020-10-22T00:00:00Z,Severe acute respiratory syndrome-related coronavirus,121,USA: TX,TX,Homo sapiens,oronasopharynx,2020-05-20
QOP61859,2020-10-22T00:00:00Z,Severe acute respiratory syndrome-related coronavirus,419,USA: TX,TX,Homo sapiens,oronasopharynx,2020-05-20
QOP61860,2020-10-22T00:00:00Z,Severe acute respiratory syndrome-related coronavirus,38,USA: TX,TX,Homo sapiens,oronasopharynx,2020-05-20
QOP61861,2020-10-22T00:00:00Z,Severe acute respiratory syndrome-related coronavirus,7096,USA: TX,TX,Homo sapiens,oronasopharynx,2020-05-14
QOP61862,2020-10-22T00:00:00Z,Severe acute respiratory syndrome-related coronavirus,4405,USA: TX,TX,Homo sapiens,oronasopharynx,2020-05-14
QOP61863,2020-10-22T00:00:00Z,Severe acute respiratory syndrome-related coronavirus,1273,USA: TX,TX,Homo sapiens,oronasopharynx,2020-05-14
QOP61864,2020-10-22T00:00:00Z,Severe acute respiratory syndrome-related coronavirus,275,USA: TX,TX,Homo sapiens,oronasopharynx,2020-05-14
QOP61865,2020-10-22T00:00:00Z,Severe acute respiratory syndrome-related coronavirus,75,USA: TX,TX,Homo sapiens,oronasopharynx,2020-05-14
QOP61866,2020-10-22T00:00:00Z,Severe acute respiratory syndrome-related coronavirus,222,USA: TX,TX,Homo sapiens,oronasopharynx,2020-05-14
QOP61867,2020-10-22T00:00:00Z,Severe acute respiratory syndrome-related coronavirus,61,USA: TX,TX,Homo sapiens,oronasopharynx,2020-05-14
QOP61868,2020-10-22T00:00:00Z,Severe acute respiratory syndrome-related coronavirus,44,USA: TX,TX,Homo sapiens,oronasopharynx,2020-05-14
QOP61869,2020-10-22T00:00:00Z,Severe acute respiratory syndrome-related coronavirus,28,USA: TX,TX,Homo sapiens,oronasopharynx,2020-05-14
QOP61870,2020-10-22T00:00:00Z,Severe acute respiratory syndrome-related coronavirus,121,USA: TX,TX,Homo sapiens,oronasopharynx,2020-05-14
QOP61871,2020-10-22T00:00:00Z,Severe acute respiratory syndrome-related coronavirus,419,USA: TX,TX,Homo sapiens,oronasopharynx,2020-05-14
QOP61872,2020-10-22T00:00:00Z,Severe acute respiratory syndrome-related coronavirus,38,USA: TX,TX,Homo sapiens,oronasopharynx,2020-05-14
QOP61873,2020-10-22T00:00:00Z,Severe acute respiratory syndrome-related coronavirus,7096,USA: TX,TX,Homo sapiens,oronasopharynx,2020-05-14
QOP61874,2020-10-22T00:00:00Z,Severe acute respiratory syndrome-related coronavirus,4405,USA: TX,TX,Homo sapiens,oronasopharynx,2020-05-14
QOP61875,2020-10-22T00:00:00Z,Severe acute respiratory syndrome-related coronavirus,1273,USA: TX,TX,Homo sapiens,oronasopharynx,2020-05-14
QOP61876,2020-10-22T00:00:00Z,Severe acute respiratory syndrome-related coronavirus,275,USA: TX,TX,Homo sapiens,oronasopharynx,2020-05-14
QOP61877,2020-10-22T00:00:00Z,Severe acute respiratory syndrome-related coronavirus,75,USA: TX,TX,Homo sapiens,oronasopharynx,2020-05-14
QOP61878,2020-10-22T00:00:00Z,Severe acute respiratory syndrome-related coronavirus,222,USA: TX,TX,Homo sapiens,oronasopharynx,2020-05-14
QOP61879,2020-10-22T00:00:00Z,Severe acute respiratory syndrome-related coronavirus,61,USA: TX,TX,Homo sapiens,oronasopharynx,2020-05-14
QOP61880,2020-10-22T00:00:00Z,Severe acute respiratory syndrome-related coronavirus,121,USA: TX,TX,Homo sapiens,oronasopharynx,2020-05-14
QOP61881,2020-10-22T00:00:00Z,Severe acute respiratory syndrome-related coronavirus,43,USA: TX,TX,Homo sapiens,oronasopharynx,2020-05-14
QOP61882,2020-10-22T00:00:00Z,Severe acute respiratory syndrome-related coronavirus,121,USA: TX,TX,Homo sapiens,oronasopharynx,2020-05-14
QOP61883,2020-10-22T00:00:00Z,Severe acute respiratory syndrome-related coronavirus,419,USA: TX,TX,Homo sapiens,oronasopharynx,2020-05-14
QOP61884,2020-10-22T00:00:00Z,Severe acute respiratory syndrome-related coronavirus,38,USA: TX,TX,Homo sapiens,oronasopharynx,2020-05-14
QOP61885,2020-10-22T00:00:00Z,Severe acute respiratory syndrome-related coronavirus,7096,USA: TX,TX,Homo sapiens,oronasopharynx,2020-05-14
QOP61886,2020-10-22T00:00:00Z,Severe acute respiratory syndrome-related coronavirus,4405,USA: TX,TX,Homo sapiens,oronasopharynx,2020-05-14
QOP61887,2020-10-22T00:00:00Z,Severe acute respiratory syndrome-related coronavirus,1273,USA: TX,TX,Homo sapiens,oronasopharynx,2020-05-14
QOP61888,2020-10-22T00:00:00Z,Severe acute respiratory syndrome-related coronavirus,275,USA: TX,TX,Homo sapiens,oronasopharynx,2020-05-14
QOP61889,2020-10-22T00:00:00Z,Severe acute respiratory syndrome-related coronavirus,75,USA: TX,TX,Homo sapiens,oronasopharynx,2020-05-14
QOP61890,2020-10-22T00:00:00Z,Severe acute respiratory syndrome-related coronavirus,222,USA: TX,TX,Homo sapiens,oronasopharynx,2020-05-14
QOP61891,2020-10-22T00:00:00Z,Severe acute respiratory syndrome-related coronavirus,61,USA: TX,TX,Homo sapiens,oronasopharynx,2020-05-14
QOP61892,2020-10-22T00:00:00Z,Severe acute respiratory syndrome-related coronavirus,44,USA: TX,TX,Homo sapiens,oronasopharynx,2020-05-14
QOP61893,2020-10-22T00:00:00Z,Severe acute respiratory syndrome-related coronavirus,31,USA: TX,TX,Homo sapiens,oronasopharynx,2020-05-14
QOP61894,2020-10-22T00:00:00Z,Severe acute respiratory syndrome-related coronavirus,121,USA: TX,TX,Homo sapiens,oronasopharynx,2020-05-14
QOP61895,2020-10-22T00:00:00Z,Severe acute respiratory syndrome-related coronavirus,419,USA: TX,TX,Homo sapiens,oronasopharynx,2020-05-14
QOP61896,2020-10-22T00:00:00Z,Severe acute respiratory syndrome-related coronavirus,38,USA: TX,TX,Homo sapiens,oronasopharynx,2020-05-14
QOP61897,2020-10-22T00:00:00Z,Severe acute respiratory syndrome-related coronavirus,7096,USA: TX,TX,Homo sapiens,oronasopharynx,2020-05-14
QOP61898,2020-10-22T00:00:00Z,Severe acute respiratory syndrome-related coronavirus,4405,USA: TX,TX,Homo sapiens,oronasopharynx,2020-05-14
QOP61899,2020-10-22T00:00:00Z,Severe acute respiratory syndrome-related coronavirus,1273,USA: TX,TX,Homo sapiens,oronasopharynx,2020-05-14
QOP61900,2020-10-22T00:00:00Z,Severe acute respiratory syndrome-related coronavirus,275,USA: TX,TX,Homo sapiens,oronasopharynx,2020-05-14
QOP61901,2020-10-22T00:00:00Z,Severe acute respiratory syndrome-related coronavirus,75,USA: TX,TX,Homo sapiens,oronasopharynx,2020-05-14
QOP61902,2020-10-22T00:00:00Z,Severe acute respiratory syndrome-related coronavirus,222,USA: TX,TX,Homo sapiens,oronasopharynx,2020-05-14
QOP61903,2020-10-22T00:00:00Z,Severe acute respiratory syndrome-related coronavirus,61,USA: TX,TX,Homo sapiens,oronasopharynx,2020-05-14
QOP61904,2020-10-22T00:00:00Z,Severe acute respiratory syndrome-related coronavirus,44,USA: TX,TX,Homo sapiens,oronasopharynx,2020-05-14
QOP61905,2020-10-22T00:00:00Z,Severe acute respiratory syndrome-related coronavirus,30,USA: TX,TX,Homo sapiens,oronasopharynx,2020-05-14
QOP61906,2020-10-22T00:00:00Z,Severe acute respiratory syndrome-related coronavirus,121,USA: TX,TX,Homo sapiens,oronasopharynx,2020-05-14
QOP61907,2020-10-22T00:00:00Z,Severe acute respiratory syndrome-related coronavirus,419,USA: TX,TX,Homo sapiens,oronasopharynx,2020-05-14
QOP61908,2020-10-22T00:00:00Z,Severe acute respiratory syndrome-related coronavirus,38,USA: TX,TX,Homo sapiens,oronasopharynx,2020-05-14
QOP61909,2020-10-22T00:00:00Z,Severe acute respiratory syndrome-related coronavirus,7096,USA: TX,TX,Homo sapiens,oronasopharynx,2020-05-14
QOP61910,2020-10-22T00:00:00Z,Severe acute respiratory syndrome-related coronavirus,4405,USA: TX,TX,Homo sapiens,oronasopharynx,2020-05-14
QOP61911,2020-10-22T00:00:00Z,Severe acute respiratory syndrome-related coronavirus,1273,USA: TX,TX,Homo sapiens,oronasopharynx,2020-05-14
QOP61912,2020-10-22T00:00:00Z,Severe acute respiratory syndrome-related coronavirus,275,USA: TX,TX,Homo sapiens,oronasopharynx,2020-05-14
QOP61913,2020-10-22T00:00:00Z,Severe acute respiratory syndrome-related coronavirus,75,USA: TX,TX,Homo sapiens,oronasopharynx,2020-05-14
QOP61914,2020-10-22T00:00:00Z,Severe acute respiratory syndrome-related coronavirus,222,USA: TX,TX,Homo sapiens,oronasopharynx,2020-05-14
QOP61915,2020-10-22T00:00:00Z,Severe acute respiratory syndrome-related coronavirus,61,USA: TX,TX,Homo sapiens,oronasopharynx,2020-05-14
QOP61916,2020-10-22T00:00:00Z,Severe acute respiratory syndrome-related coronavirus,44,USA: TX,TX,Homo sapiens,oronasopharynx,2020-05-14
QOP61917,2020-10-22T00:00:00Z,Severe acute respiratory syndrome-related coronavirus,28,USA: TX,TX,Homo sapiens,oronasopharynx,2020-05-14
QOP61918,2020-10-22T00:00:00Z,Severe acute respiratory syndrome-related coronavirus,121,USA: TX,TX,Homo sapiens,oronasopharynx,2020-05-14
QOP61919,2020-10-22T00:00:00Z,Severe acute respiratory syndrome-related coronavirus,419,USA: TX,TX,Homo sapiens,oronasopharynx,2020-05-14
QOP61920,2020-10-22T00:00:00Z,Severe acute respiratory syndrome-related coronavirus,38,USA: TX,TX,Homo sapiens,oronasopharynx,2020-05-14
QOP61921,2020-10-22T00:00:00Z,Severe acute respiratory syndrome-related coronavirus,7096,USA: TX,TX,Homo sapiens,oronasopharynx,2020-05-20
QOP61922,2020-10-22T00:00:00Z,Severe acute respiratory syndrome-related coronavirus,4405,USA: TX,TX,Homo sapiens,oronasopharynx,2020-05-20
QOP61923,2020-10-22T00:00:00Z,Severe acute respiratory syndrome-related coronavirus,1273,USA: TX,TX,Homo sapiens,oronasopharynx,2020-05-20
QOP61924,2020-10-22T00:00:00Z,Severe acute respiratory syndrome-related coronavirus,275,USA: TX,TX,Homo sapiens,oronasopharynx,2020-05-20
QOP61925,2020-10-22T00:00:00Z,Severe acute respiratory syndrome-related coronavirus,75,USA: TX,TX,Homo sapiens,oronasopharynx,2020-05-20
QOP61926,2020-10-22T00:00:00Z,Severe acute respiratory syndrome-related coronavirus,222,USA: TX,TX,Homo sapiens,oronasopharynx,2020-05-20
QOP61927,2020-10-22T00:00:00Z,Severe acute respiratory syndrome-related coronavirus,61,USA: TX,TX,Homo sapiens,oronasopharynx,2020-05-20
QOP61928,2020-10-22T00:00:00Z,Severe acute respiratory syndrome-related coronavirus,121,USA: TX,TX,Homo sapiens,oronasopharynx,2020-05-20
QOP61929,2020-10-22T00:00:00Z,Severe acute respiratory syndrome-related coronavirus,43,USA: TX,TX,Homo sapiens,oronasopharynx,2020-05-20
QOP61930,2020-10-22T00:00:00Z,Severe acute respiratory syndrome-related coronavirus,121,USA: TX,TX,Homo sapiens,oronasopharynx,2020-05-20
QOP61931,2020-10-22T00:00:00Z,Severe acute respiratory syndrome-related coronavirus,419,USA: TX,TX,Homo sapiens,oronasopharynx,2020-05-20
QOP61932,2020-10-22T00:00:00Z,Severe acute respiratory syndrome-related coronavirus,38,USA: TX,TX,Homo sapiens,oronasopharynx,2020-05-20
QOP79507,2020-10-22T00:00:00Z,Severe acute respiratory syndrome-related coronavirus,7096,Australia: Victoria,,Homo sapiens,,2020-03-22
QOP79508,2020-10-22T00:00:00Z,Severe acute respiratory syndrome-related coronavirus,4405,Australia: Victoria,,Homo sapiens,,2020-03-22
QOP79509,2020-10-22T00:00:00Z,Severe acute respiratory syndrome-related coronavirus,1273,Australia: Victoria,,Homo sapiens,,2020-03-22
QOP79510,2020-10-22T00:00:00Z,Severe acute respiratory syndrome-related coronavirus,275,Australia: Victoria,,Homo sapiens,,2020-03-22
QOP79511,2020-10-22T00:00:00Z,Severe acute respiratory syndrome-related coronavirus,75,Australia: Victoria,,Homo sapiens,,2020-03-22
QOP79512,2020-10-22T00:00:00Z,Severe acute respiratory syndrome-related coronavirus,222,Australia: Victoria,,Homo sapiens,,2020-03-22
QOP79513,2020-10-22T00:00:00Z,Severe acute respiratory syndrome-related coronavirus,61,Australia: Victoria,,Homo sapiens,,2020-03-22
QOP79514,2020-10-22T00:00:00Z,Severe acute respiratory syndrome-related coronavirus,121,Australia: Victoria,,Homo sapiens,,2020-03-22
QOP79515,2020-10-22T00:00:00Z,Severe acute respiratory syndrome-related coronavirus,43,Australia: Victoria,,Homo sapiens,,2020-03-22
QOP79516,2020-10-22T00:00:00Z,Severe acute respiratory syndrome-related coronavirus,121,Australia: Victoria,,Homo sapiens,,2020-03-22
QOP79517,2020-10-22T00:00:00Z,Severe acute respiratory syndrome-related coronavirus,419,Australia: Victoria,,Homo sapiens,,2020-03-22
QOP79518,2020-10-22T00:00:00Z,Severe acute respiratory syndrome-related coronavirus,38,Australia: Victoria,,Homo sapiens,,2020-03-22
QOP79519,2020-10-22T00:00:00Z,Severe acute respiratory syndrome-related coronavirus,7096,Australia: Victoria,,Homo sapiens,,2020-03-27
QOP79520,2020-10-22T00:00:00Z,Severe acute respiratory syndrome-related coronavirus,4405,Australia: Victoria,,Homo sapiens,,2020-03-27
QOP79521,2020-10-22T00:00:00Z,Severe acute respiratory syndrome-related coronavirus,1273,Australia: Victoria,,Homo sapiens,,2020-03-27
QOP79522,2020-10-22T00:00:00Z,Severe acute respiratory syndrome-related coronavirus,275,Australia: Victoria,,Homo sapiens,,2020-03-27
QOP79523,2020-10-22T00:00:00Z,Severe acute respiratory syndrome-related coronavirus,75,Australia: Victoria,,Homo sapiens,,2020-03-27
QOP79524,2020-10-22T00:00:00Z,Severe acute respiratory syndrome-related coronavirus,222,Australia: Victoria,,Homo sapiens,,2020-03-27
QOP79525,2020-10-22T00:00:00Z,Severe acute respiratory syndrome-related coronavirus,61,Australia: Victoria,,Homo sapiens,,2020-03-27
QOP79526,2020-10-22T00:00:00Z,Severe acute respiratory syndrome-related coronavirus,121,Australia: Victoria,,Homo sapiens,,2020-03-27
QOP79527,2020-10-22T00:00:00Z,Severe acute respiratory syndrome-related coronavirus,43,Australia: Victoria,,Homo sapiens,,2020-03-27
QOP79528,2020-10-22T00:00:00Z,Severe acute respiratory syndrome-related coronavirus,121,Australia: Victoria,,Homo sapiens,,2020-03-27
QOP79529,2020-10-22T00:00:00Z,Severe acute respiratory syndrome-related coronavirus,419,Australia: Victoria,,Homo sapiens,,2020-03-27
QOP79530,2020-10-22T00:00:00Z,Severe acute respiratory syndrome-related coronavirus,38,Australia: Victoria,,Homo sapiens,,2020-03-27
QOP79531,2020-10-22T00:00:00Z,Severe acute respiratory syndrome-related coronavirus,7094,Australia: Victoria,,Homo sapiens,,2020-03-29
QOP79532,2020-10-22T00:00:00Z,Severe acute respiratory syndrome-related coronavirus,4403,Australia: Victoria,,Homo sapiens,,2020-03-29
QOP79533,2020-10-22T00:00:00Z,Severe acute respiratory syndrome-related coronavirus,1273,Australia: Victoria,,Homo sapiens,,2020-03-29
QOP79534,2020-10-22T00:00:00Z,Severe acute respiratory syndrome-related coronavirus,275,Australia: Victoria,,Homo sapiens,,2020-03-29
QOP79535,2020-10-22T00:00:00Z,Severe acute respiratory syndrome-related coronavirus,75,Australia: Victoria,,Homo sapiens,,2020-03-29
QOP79536,2020-10-22T00:00:00Z,Severe acute respiratory syndrome-related coronavirus,222,Australia: Victoria,,Homo sapiens,,2020-03-29
QOP79537,2020-10-22T00:00:00Z,Severe acute respiratory syndrome-related coronavirus,61,Australia: Victoria,,Homo sapiens,,2020-03-29
QOP79538,2020-10-22T00:00:00Z,Severe acute respiratory syndrome-related coronavirus,121,Australia: Victoria,,Homo sapiens,,2020-03-29
QOP79539,2020-10-22T00:00:00Z,Severe acute respiratory syndrome-related coronavirus,43,Australia: Victoria,,Homo sapiens,,2020-03-29
QOP79540,2020-10-22T00:00:00Z,Severe acute respiratory syndrome-related coronavirus,121,Australia: Victoria,,Homo sapiens,,2020-03-29
QOP79541,2020-10-22T00:00:00Z,Severe acute respiratory syndrome-related coronavirus,419,Australia: Victoria,,Homo sapiens,,2020-03-29
QOP79542,2020-10-22T00:00:00Z,Severe acute respiratory syndrome-related coronavirus,38,Australia: Victoria,,Homo sapiens,,2020-03-29
QOP79543,2020-10-22T00:00:00Z,Severe acute respiratory syndrome-related coronavirus,7096,Australia: Victoria,,Homo sapiens,,2020-03-27
QOP79544,2020-10-22T00:00:00Z,Severe acute respiratory syndrome-related coronavirus,4405,Australia: Victoria,,Homo sapiens,,2020-03-27
QOP79545,2020-10-22T00:00:00Z,Severe acute respiratory syndrome-related coronavirus,1273,Australia: Victoria,,Homo sapiens,,2020-03-27
QOP79546,2020-10-22T00:00:00Z,Severe acute respiratory syndrome-related coronavirus,275,Australia: Victoria,,Homo sapiens,,2020-03-27
QOP79547,2020-10-22T00:00:00Z,Severe acute respiratory syndrome-related coronavirus,75,Australia: Victoria,,Homo sapiens,,2020-03-27
QOP79548,2020-10-22T00:00:00Z,Severe acute respiratory syndrome-related coronavirus,222,Australia: Victoria,,Homo sapiens,,2020-03-27
QOP79549,2020-10-22T00:00:00Z,Severe acute respiratory syndrome-related coronavirus,61,Australia: Victoria,,Homo sapiens,,2020-03-27
QOP79550,2020-10-22T00:00:00Z,Severe acute respiratory syndrome-related coronavirus,121,Australia: Victoria,,Homo sapiens,,2020-03-27
QOP79551,2020-10-22T00:00:00Z,Severe acute respiratory syndrome-related coronavirus,43,Australia: Victoria,,Homo sapiens,,2020-03-27
QOP79552,2020-10-22T00:00:00Z,Severe acute respiratory syndrome-related coronavirus,121,Australia: Victoria,,Homo sapiens,,2020-03-27
QOP79553,2020-10-22T00:00:00Z,Severe acute respiratory syndrome-related coronavirus,419,Australia: Victoria,,Homo sapiens,,2020-03-27
QOP79554,2020-10-22T00:00:00Z,Severe acute respiratory syndrome-related coronavirus,38,Australia: Victoria,,Homo sapiens,,2020-03-27
QOP79555,2020-10-22T00:00:00Z,Severe acute respiratory syndrome-related coronavirus,7096,Australia: Victoria,,Homo sapiens,,2020-04-02
QOP79556,2020-10-22T00:00:00Z,Severe acute respiratory syndrome-related coronavirus,4405,Australia: Victoria,,Homo sapiens,,2020-04-02
QOP79557,2020-10-22T00:00:00Z,Severe acute respiratory syndrome-related coronavirus,1273,Australia: Victoria,,Homo sapiens,,2020-04-02
QOP79558,2020-10-22T00:00:00Z,Severe acute respiratory syndrome-related coronavirus,275,Australia: Victoria,,Homo sapiens,,2020-04-02
QOP79559,2020-10-22T00:00:00Z,Severe acute respiratory syndrome-related coronavirus,75,Australia: Victoria,,Homo sapiens,,2020-04-02
QOP79560,2020-10-22T00:00:00Z,Severe acute respiratory syndrome-related coronavirus,222,Australia: Victoria,,Homo sapiens,,2020-04-02
QOP79561,2020-10-22T00:00:00Z,Severe acute respiratory syndrome-related coronavirus,61,Australia: Victoria,,Homo sapiens,,2020-04-02
QOP79562,2020-10-22T00:00:00Z,Severe acute respiratory syndrome-related coronavirus,121,Australia: Victoria,,Homo sapiens,,2020-04-02
QOP79563,2020-10-22T00:00:00Z,Severe acute respiratory syndrome-related coronavirus,43,Australia: Victoria,,Homo sapiens,,2020-04-02
QOP79564,2020-10-22T00:00:00Z,Severe acute respiratory syndrome-related coronavirus,121,Australia: Victoria,,Homo sapiens,,2020-04-02
QOP79565,2020-10-22T00:00:00Z,Severe acute respiratory syndrome-related coronavirus,419,Australia: Victoria,,Homo sapiens,,2020-04-02
QOP79566,2020-10-22T00:00:00Z,Severe acute respiratory syndrome-related coronavirus,38,Australia: Victoria,,Homo sapiens,,2020-04-02
QOP79567,2020-10-22T00:00:00Z,Severe acute respiratory syndrome-related coronavirus,7096,Australia: Victoria,,Homo sapiens,,2020-04-02
QOP79568,2020-10-22T00:00:00Z,Severe acute respiratory syndrome-related coronavirus,4405,Australia: Victoria,,Homo sapiens,,2020-04-02
QOP79569,2020-10-22T00:00:00Z,Severe acute respiratory syndrome-related coronavirus,1273,Australia: Victoria,,Homo sapiens,,2020-04-02
QOP79570,2020-10-22T00:00:00Z,Severe acute respiratory syndrome-related coronavirus,275,Australia: Victoria,,Homo sapiens,,2020-04-02
QOP79571,2020-10-22T00:00:00Z,Severe acute respiratory syndrome-related coronavirus,75,Australia: Victoria,,Homo sapiens,,2020-04-02
QOP79572,2020-10-22T00:00:00Z,Severe acute respiratory syndrome-related coronavirus,222,Australia: Victoria,,Homo sapiens,,2020-04-02
QOP79573,2020-10-22T00:00:00Z,Severe acute respiratory syndrome-related coronavirus,61,Australia: Victoria,,Homo sapiens,,2020-04-02
QOP79574,2020-10-22T00:00:00Z,Severe acute respiratory syndrome-related coronavirus,121,Australia: Victoria,,Homo sapiens,,2020-04-02
QOP79575,2020-10-22T00:00:00Z,Severe acute respiratory syndrome-related coronavirus,43,Australia: Victoria,,Homo sapiens,,2020-04-02
QOP79576,2020-10-22T00:00:00Z,Severe acute respiratory syndrome-related coronavirus,121,Australia: Victoria,,Homo sapiens,,2020-04-02
QOP79577,2020-10-22T00:00:00Z,Severe acute respiratory syndrome-related coronavirus,419,Australia: Victoria,,Homo sapiens,,2020-04-02
QOP79578,2020-10-22T00:00:00Z,Severe acute respiratory syndrome-related coronavirus,38,Australia: Victoria,,Homo sapiens,,2020-04-02
QOP79579,2020-10-22T00:00:00Z,Severe acute respiratory syndrome-related coronavirus,6964,Australia: Victoria,,Homo sapiens,,2020-04-02
QOP79580,2020-10-22T00:00:00Z,Severe acute respiratory syndrome-related coronavirus,4402,Australia: Victoria,,Homo sapiens,,2020-04-02
QOP79581,2020-10-22T00:00:00Z,Severe acute respiratory syndrome-related coronavirus,1238,Australia: Victoria,,Homo sapiens,,2020-04-02
QOP79582,2020-10-22T00:00:00Z,Severe acute respiratory syndrome-related coronavirus,275,Australia: Victoria,,Homo sapiens,,2020-04-02
QOP79583,2020-10-22T00:00:00Z,Severe acute respiratory syndrome-related coronavirus,75,Australia: Victoria,,Homo sapiens,,2020-04-02
QOP79584,2020-10-22T00:00:00Z,Severe acute respiratory syndrome-related coronavirus,222,Australia: Victoria,,Homo sapiens,,2020-04-02
QOP79585,2020-10-22T00:00:00Z,Severe acute respiratory syndrome-related coronavirus,93,Australia: Victoria,,Homo sapiens,,2020-04-02
QOP79586,2020-10-22T00:00:00Z,Severe acute respiratory syndrome-related coronavirus,28,Australia: Victoria,,Homo sapiens,,2020-04-02
QOP79809,2020-10-22T00:00:00Z,Severe acute respiratory syndrome-related coronavirus,275,Australia: Victoria,,Homo sapiens,,2020-04-17
QOP79810,2020-10-22T00:00:00Z,Severe acute respiratory syndrome-related coronavirus,75,Australia: Victoria,,Homo sapiens,,2020-04-17
QOP79811,2020-10-22T00:00:00Z,Severe acute respiratory syndrome-related coronavirus,222,Australia: Victoria,,Homo sapiens,,2020-04-17
QOP79812,2020-10-22T00:00:00Z,Severe acute respiratory syndrome-related coronavirus,61,Australia: Victoria,,Homo sapiens,,2020-04-17
QOP79813,2020-10-22T00:00:00Z,Severe acute respiratory syndrome-related coronavirus,119,Australia: Victoria,,Homo sapiens,,2020-04-17
QOP79814,2020-10-22T00:00:00Z,Severe acute respiratory syndrome-related coronavirus,43,Australia: Victoria,,Homo sapiens,,2020-04-17
QOP79815,2020-10-22T00:00:00Z,Severe acute respiratory syndrome-related coronavirus,121,Australia: Victoria,,Homo sapiens,,2020-04-17
QOP79816,2020-10-22T00:00:00Z,Severe acute respiratory syndrome-related coronavirus,419,Australia: Victoria,,Homo sapiens,,2020-04-17
QOP79817,2020-10-22T00:00:00Z,Severe acute respiratory syndrome-related coronavirus,38,Australia: Victoria,,Homo sapiens,,2020-04-17
QOP79818,2020-10-22T00:00:00Z,Severe acute respiratory syndrome-related coronavirus,7096,Australia: Victoria,,Homo sapiens,,2020-04-17
QOP79819,2020-10-22T00:00:00Z,Severe acute respiratory syndrome-related coronavirus,4405,Australia: Victoria,,Homo sapiens,,2020-04-17
QOP79820,2020-10-22T00:00:00Z,Severe acute respiratory syndrome-related coronavirus,1273,Australia: Victoria,,Homo sapiens,,2020-04-17
QOP79821,2020-10-22T00:00:00Z,Severe acute respiratory syndrome-related coronavirus,275,Australia: Victoria,,Homo sapiens,,2020-04-17
QOP79822,2020-10-22T00:00:00Z,Severe acute respiratory syndrome-related coronavirus,75,Australia: Victoria,,Homo sapiens,,2020-04-17
QOP79823,2020-10-22T00:00:00Z,Severe acute respiratory syndrome-related coronavirus,222,Australia: Victoria,,Homo sapiens,,2020-04-17
QOP79824,2020-10-22T00:00:00Z,Severe acute respiratory syndrome-related coronavirus,61,Australia: Victoria,,Homo sapiens,,2020-04-17
QOP79825,2020-10-22T00:00:00Z,Severe acute respiratory syndrome-related coronavirus,121,Australia: Victoria,,Homo sapiens,,2020-04-17
QOP79826,2020-10-22T00:00:00Z,Severe acute respiratory syndrome-related coronavirus,43,Australia: Victoria,,Homo sapiens,,2020-04-17
QOP79827,2020-10-22T00:00:00Z,Severe acute respiratory syndrome-related coronavirus,121,Australia: Victoria,,Homo sapiens,,2020-04-17
QOP79828,2020-10-22T00:00:00Z,Severe acute respiratory syndrome-related coronavirus,419,Australia: Victoria,,Homo sapiens,,2020-04-17
QOP79829,2020-10-22T00:00:00Z,Severe acute respiratory syndrome-related coronavirus,38,Australia: Victoria,,Homo sapiens,,2020-04-17
QOP79830,2020-10-22T00:00:00Z,Severe acute respiratory syndrome-related coronavirus,7096,Australia: Victoria,,Homo sapiens,,2020-04-19
QOP79831,2020-10-22T00:00:00Z,Severe acute respiratory syndrome-related coronavirus,4405,Australia: Victoria,,Homo sapiens,,2020-04-19
QOP79832,2020-10-22T00:00:00Z,Severe acute respiratory syndrome-related coronavirus,1273,Australia: Victoria,,Homo sapiens,,2020-04-19
QOP79833,2020-10-22T00:00:00Z,Severe acute respiratory syndrome-related coronavirus,275,Australia: Victoria,,Homo sapiens,,2020-04-19
QOP79834,2020-10-22T00:00:00Z,Severe acute respiratory syndrome-related coronavirus,75,Australia: Victoria,,Homo sapiens,,2020-04-19
QOP79835,2020-10-22T00:00:00Z,Severe acute respiratory syndrome-related coronavirus,222,Australia: Victoria,,Homo sapiens,,2020-04-19
QOP79836,2020-10-22T00:00:00Z,Severe acute respiratory syndrome-related coronavirus,61,Australia: Victoria,,Homo sapiens,,2020-04-19
QOP79837,2020-10-22T00:00:00Z,Severe acute respiratory syndrome-related coronavirus,121,Australia: Victoria,,Homo sapiens,,2020-04-19
QOP79838,2020-10-22T00:00:00Z,Severe acute respiratory syndrome-related coronavirus,43,Australia: Victoria,,Homo sapiens,,2020-04-19
QOP79839,2020-10-22T00:00:00Z,Severe acute respiratory syndrome-related coronavirus,121,Australia: Victoria,,Homo sapiens,,2020-04-19
QOP79840,2020-10-22T00:00:00Z,Severe acute respiratory syndrome-related coronavirus,419,Australia: Victoria,,Homo sapiens,,2020-04-19
QOP79841,2020-10-22T00:00:00Z,Severe acute respiratory syndrome-related coronavirus,38,Australia: Victoria,,Homo sapiens,,2020-04-19
QOP79842,2020-10-22T00:00:00Z,Severe acute respiratory syndrome-related coronavirus,7096,Australia: Victoria,,Homo sapiens,,2020-04-16
QOP79843,2020-10-22T00:00:00Z,Severe acute respiratory syndrome-related coronavirus,4405,Australia: Victoria,,Homo sapiens,,2020-04-16
QOP79844,2020-10-22T00:00:00Z,Severe acute respiratory syndrome-related coronavirus,1273,Australia: Victoria,,Homo sapiens,,2020-04-16
QOP79845,2020-10-22T00:00:00Z,Severe acute respiratory syndrome-related coronavirus,275,Australia: Victoria,,Homo sapiens,,2020-04-16
QOP79846,2020-10-22T00:00:00Z,Severe acute respiratory syndrome-related coronavirus,75,Australia: Victoria,,Homo sapiens,,2020-04-16
QOP79847,2020-10-22T00:00:00Z,Severe acute respiratory syndrome-related coronavirus,222,Australia: Victoria,,Homo sapiens,,2020-04-16
QOP79848,2020-10-22T00:00:00Z,Severe acute respiratory syndrome-related coronavirus,61,Australia: Victoria,,Homo sapiens,,2020-04-16
QOP79849,2020-10-22T00:00:00Z,Severe acute respiratory syndrome-related coronavirus,121,Australia: Victoria,,Homo sapiens,,2020-04-16
QOP79850,2020-10-22T00:00:00Z,Severe acute respiratory syndrome-related coronavirus,43,Australia: Victoria,,Homo sapiens,,2020-04-16
QOP79851,2020-10-22T00:00:00Z,Severe acute respiratory syndrome-related coronavirus,121,Australia: Victoria,,Homo sapiens,,2020-04-16
QOP79852,2020-10-22T00:00:00Z,Severe acute respiratory syndrome-related coronavirus,419,Australia: Victoria,,Homo sapiens,,2020-04-16
QOP79853,2020-10-22T00:00:00Z,Severe acute respiratory syndrome-related coronavirus,38,Australia: Victoria,,Homo sapiens,,2020-04-16
QOP79854,2020-10-22T00:00:00Z,Severe acute respiratory syndrome-related coronavirus,7096,Australia: Victoria,,Homo sapiens,,2020-04-20
QOP79855,2020-10-22T00:00:00Z,Severe acute respiratory syndrome-related coronavirus,4405,Australia: Victoria,,Homo sapiens,,2020-04-20
QOP79856,2020-10-22T00:00:00Z,Severe acute respiratory syndrome-related coronavirus,1273,Australia: Victoria,,Homo sapiens,,2020-04-20
QOP79857,2020-10-22T00:00:00Z,Severe acute respiratory syndrome-related coronavirus,275,Australia: Victoria,,Homo sapiens,,2020-04-20
QOP79858,2020-10-22T00:00:00Z,Severe acute respiratory syndrome-related coronavirus,75,Australia: Victoria,,Homo sapiens,,2020-04-20
QOP79859,2020-10-22T00:00:00Z,Severe acute respiratory syndrome-related coronavirus,222,Australia: Victoria,,Homo sapiens,,2020-04-20
QOP79860,2020-10-22T00:00:00Z,Severe acute respiratory syndrome-related coronavirus,61,Australia: Victoria,,Homo sapiens,,2020-04-20
QOP79861,2020-10-22T00:00:00Z,Severe acute respiratory syndrome-related coronavirus,121,Australia: Victoria,,Homo sapiens,,2020-04-20
QOP79862,2020-10-22T00:00:00Z,Severe acute respiratory syndrome-related coronavirus,43,Australia: Victoria,,Homo sapiens,,2020-04-20
QOP79863,2020-10-22T00:00:00Z,Severe acute respiratory syndrome-related coronavirus,121,Australia: Victoria,,Homo sapiens,,2020-04-20
QOP79864,2020-10-22T00:00:00Z,Severe acute respiratory syndrome-related coronavirus,419,Australia: Victoria,,Homo sapiens,,2020-04-20
QOP79865,2020-10-22T00:00:00Z,Severe acute respiratory syndrome-related coronavirus,38,Australia: Victoria,,Homo sapiens,,2020-04-20
QOP79866,2020-10-22T00:00:00Z,Severe acute respiratory syndrome-related coronavirus,7096,Australia: Victoria,,Homo sapiens,,2020-04-08
QOP79867,2020-10-22T00:00:00Z,Severe acute respiratory syndrome-related coronavirus,4405,Australia: Victoria,,Homo sapiens,,2020-04-08
QOP79868,2020-10-22T00:00:00Z,Severe acute respiratory syndrome-related coronavirus,1273,Australia: Victoria,,Homo sapiens,,2020-04-08
QOP79869,2020-10-22T00:00:00Z,Severe acute respiratory syndrome-related coronavirus,275,Australia: Victoria,,Homo sapiens,,2020-04-08
QOP79870,2020-10-22T00:00:00Z,Severe acute respiratory syndrome-related coronavirus,75,Australia: Victoria,,Homo sapiens,,2020-04-08
QOP79871,2020-10-22T00:00:00Z,Severe acute respiratory syndrome-related coronavirus,222,Australia: Victoria,,Homo sapiens,,2020-04-08
QOP79872,2020-10-22T00:00:00Z,Severe acute respiratory syndrome-related coronavirus,61,Australia: Victoria,,Homo sapiens,,2020-04-08
QOP79873,2020-10-22T00:00:00Z,Severe acute respiratory syndrome-related coronavirus,121,Australia: Victoria,,Homo sapiens,,2020-04-08
QOP79874,2020-10-22T00:00:00Z,Severe acute respiratory syndrome-related coronavirus,43,Australia: Victoria,,Homo sapiens,,2020-04-08
QOP79875,2020-10-22T00:00:00Z,Severe acute respiratory syndrome-related coronavirus,121,Australia: Victoria,,Homo sapiens,,2020-04-08
QOP79876,2020-10-22T00:00:00Z,Severe acute respiratory syndrome-related coronavirus,419,Australia: Victoria,,Homo sapiens,,2020-04-08
QOP79877,2020-10-22T00:00:00Z,Severe acute respiratory syndrome-related coronavirus,38,Australia: Victoria,,Homo sapiens,,2020-04-08
QOP79878,2020-10-22T00:00:00Z,Severe acute respiratory syndrome-related coronavirus,7096,Australia: Victoria,,Homo sapiens,,2020-04-20
QOP79879,2020-10-22T00:00:00Z,Severe acute respiratory syndrome-related coronavirus,4405,Australia: Victoria,,Homo sapiens,,2020-04-20
QOP79880,2020-10-22T00:00:00Z,Severe acute respiratory syndrome-related coronavirus,1273,Australia: Victoria,,Homo sapiens,,2020-04-20
QOP79881,2020-10-22T00:00:00Z,Severe acute respiratory syndrome-related coronavirus,275,Australia: Victoria,,Homo sapiens,,2020-04-20
QOP79882,2020-10-22T00:00:00Z,Severe acute respiratory syndrome-related coronavirus,75,Australia: Victoria,,Homo sapiens,,2020-04-20
QOP79883,2020-10-22T00:00:00Z,Severe acute respiratory syndrome-related coronavirus,222,Australia: Victoria,,Homo sapiens,,2020-04-20
QOP79884,2020-10-22T00:00:00Z,Severe acute respiratory syndrome-related coronavirus,61,Australia: Victoria,,Homo sapiens,,2020-04-20
QOP79885,2020-10-22T00:00:00Z,Severe acute respiratory syndrome-related coronavirus,121,Australia: Victoria,,Homo sapiens,,2020-04-20
QOP79886,2020-10-22T00:00:00Z,Severe acute respiratory syndrome-related coronavirus,43,Australia: Victoria,,Homo sapiens,,2020-04-20
QOP79887,2020-10-22T00:00:00Z,Severe acute respiratory syndrome-related coronavirus,121,Australia: Victoria,,Homo sapiens,,2020-04-20
QOP79888,2020-10-22T00:00:00Z,Severe acute respiratory syndrome-related coronavirus,419,Australia: Victoria,,Homo sapiens,,2020-04-20
QOP79889,2020-10-22T00:00:00Z,Severe acute respiratory syndrome-related coronavirus,38,Australia: Victoria,,Homo sapiens,,2020-04-20
QOP79890,2020-10-22T00:00:00Z,Severe acute respiratory syndrome-related coronavirus,7096,Australia: Victoria,,Homo sapiens,,2020-05-07
QOP79891,2020-10-22T00:00:00Z,Severe acute respiratory syndrome-related coronavirus,4405,Australia: Victoria,,Homo sapiens,,2020-05-07
QOP79892,2020-10-22T00:00:00Z,Severe acute respiratory syndrome-related coronavirus,1272,Australia: Victoria,,Homo sapiens,,2020-05-07
QOP79893,2020-10-22T00:00:00Z,Severe acute respiratory syndrome-related coronavirus,275,Australia: Victoria,,Homo sapiens,,2020-05-07
QOP79894,2020-10-22T00:00:00Z,Severe acute respiratory syndrome-related coronavirus,75,Australia: Victoria,,Homo sapiens,,2020-05-07
QOP79895,2020-10-22T00:00:00Z,Severe acute respiratory syndrome-related coronavirus,222,Australia: Victoria,,Homo sapiens,,2020-05-07
QOP79896,2020-10-22T00:00:00Z,Severe acute respiratory syndrome-related coronavirus,61,Australia: Victoria,,Homo sapiens,,2020-05-07
QOP79897,2020-10-22T00:00:00Z,Severe acute respiratory syndrome-related coronavirus,121,Australia: Victoria,,Homo sapiens,,2020-05-07
QOP79898,2020-10-22T00:00:00Z,Severe acute respiratory syndrome-related coronavirus,43,Australia: Victoria,,Homo sapiens,,2020-05-07
QOP79899,2020-10-22T00:00:00Z,Severe acute respiratory syndrome-related coronavirus,121,Australia: Victoria,,Homo sapiens,,2020-05-07
QOP79900,2020-10-22T00:00:00Z,Severe acute respiratory syndrome-related coronavirus,419,Australia: Victoria,,Homo sapiens,,2020-05-07
QOP79901,2020-10-22T00:00:00Z,Severe acute respiratory syndrome-related coronavirus,38,Australia: Victoria,,Homo sapiens,,2020-05-07
QOP79902,2020-10-22T00:00:00Z,Severe acute respiratory syndrome-related coronavirus,7096,Australia: Victoria,,Homo sapiens,,2020-03-30
QOP79903,2020-10-22T00:00:00Z,Severe acute respiratory syndrome-related coronavirus,4405,Australia: Victoria,,Homo sapiens,,2020-03-30
QOP79904,2020-10-22T00:00:00Z,Severe acute respiratory syndrome-related coronavirus,1273,Australia: Victoria,,Homo sapiens,,2020-03-30
QOP79905,2020-10-22T00:00:00Z,Severe acute respiratory syndrome-related coronavirus,275,Australia: Victoria,,Homo sapiens,,2020-03-30
QOP79906,2020-10-22T00:00:00Z,Severe acute respiratory syndrome-related coronavirus,75,Australia: Victoria,,Homo sapiens,,2020-03-30
QOP79907,2020-10-22T00:00:00Z,Severe acute respiratory syndrome-related coronavirus,222,Australia: Victoria,,Homo sapiens,,2020-03-30
QOP79908,2020-10-22T00:00:00Z,Severe acute respiratory syndrome-related coronavirus,61,Australia: Victoria,,Homo sapiens,,2020-03-30
